真实值,预测值
113.55301077391623,95.80554531716585
90.4458604797697,98.366295064826
100.43348332352876,96.49441746240377
95.77204250920057,99.67469227471113
98.89517113774538,104.30347898677347
103.28215497492789,100.98714641822336
98.59064830975771,97.00921465141535
94.24298181746006,98.07293181390762
98.15880156928539,98.7186343330717
99.56455314784289,102.12861344964979
102.50476463099479,103.29384424066065
102.86187109721182,98.30610317124844
94.71445288147449,99.29049945638418
98.6961346032524,103.52741286449907
105.73036393916605,109.5796957253456
108.93832702251909,112.93214343004225
113.15935578991888,95.77699630204201
85.92001996329307,84.62890384605407
75.6236909549427,61.70292513238668
51.12284551852226,49.24214679409623
32.871369260089395,41.64553255810856
29.209715798084734,34.63553045935988
25.20255484775543,27.6164935573852
19.909436225466724,25.94736632928967
14.070605857625006,32.98606190370678
38.86030617213487,45.007096325087545
53.445825248172284,46.48354629224657
45.16533780370831,38.92882862378359
34.99775022693634,26.44349500250816
23.936824661632773,28.974844019750353
30.040773234331603,33.412419143484826
36.00647005626678,42.587932959095234
46.454825730226034,65.6302595934534
72.10740091592788,112.09312862546442
131.6016945236969,112.82072823503016
105.96921741126059,116.0051803647518
114.76895925445555,111.3563798480749
113.4674058628702,112.13842904457091
118.4154684360361,110.3862550609064
102.4503030056858,112.04522791655539
111.91021749926088,104.61653702527045
101.72627879459857,123.75899175000666
128.0439202316284,123.14348148466108
121.49194834705828,97.14779444799899
85.68779963787078,55.74248306276083
42.83502971101522,75.84525731520176
70.41570774693012,97.17246108598708
110.75263107873438,94.95277666490554
98.83912646563529,85.15052077660799
74.42353682727814,83.07034912646056
71.02552987833262,81.34618243087769
91.40500626554966,39.40860616911172
37.767904562758204,16.94228435554683
5.872740815880298,11.278611645617186
-1.5397765136003492,5.730418212114125
-3.401168688161373,1.7034343783327188
-2.4469496088707445,2.8119638412944967
-5.988330638723373,1.2965022852599992
-5.041840198568106,1.5928297988374156
-6.217580494197606,2.785618601874262
2.236943534160554,4.779090977110564
7.600093919829428,12.523151275605857
15.683914133211372,23.563150376708503
26.745835874353645,30.033366621826882
33.28722000484347,28.710628693296908
27.764204464224573,50.462696944899555
59.110309796266556,56.03949394243002
56.583430027122496,50.8142176033926
48.84111529354095,46.74684670191764
42.56301351515412,31.780598851028678
19.97497165439665,20.01652663292527
13.489438077160118,24.395467328328486
21.975807379214164,29.074238893615004
37.13874277594923,29.42005637019157
32.580299320316314,54.5913973667407
55.86428737860441,74.76965827291727
83.34223590975046,64.9890895238757
59.774864416499135,57.89783438798666
51.77798612659931,57.311216231558326
57.97703488155604,57.77191896581173
61.49710497148752,56.594198356883524
65.46116852601529,50.84124376360893
48.6181946156764,51.51247366483927
52.955736831474304,52.375938416588305
53.554591999866965,51.31840296156645
51.1444423699379,51.64596122722626
51.156318230540755,52.63899504909038
51.81815217718363,57.13319268711329
58.29710527565479,60.14845142317772
62.56320573296547,63.692279253504275
64.63095979546786,66.86324839906455
67.96022760194778,71.85972933142423
72.56531676550865,76.52906130300045
80.18429830914974,78.84130881802558
79.69478171544075,71.1748780046773
65.74110898466587,67.66430619555234
63.477291867213246,55.776304887762066
47.729352961595055,47.50445798962116
50.3304011820054,51.18730501735449
52.056096751685146,51.26904560883283
50.082145736134045,53.21603065606117
53.52095676973581,52.265462215116024
51.41794831516504,50.099818076088425
44.7376653710556,60.8737637407875
66.03161913982868,61.11185879502296
61.76463386168241,61.4571255157733
61.303401438765526,61.52882008021355
59.009837487506864,66.41694958494425
71.07927522010803,69.31419007527113
75.19495613536834,68.73474679255723
68.88785089306116,73.15008703080416
72.6940792642498,84.58973698090314
88.28336437677622,87.88751238866328
93.15307516207218,92.91520281784295
90.61645634454727,101.9073239721012
99.5129686950469,122.16278700098036
131.3366696162748,138.37501607770918
149.05979949045178,126.82368608826636
122.1148742536926,111.52946765724657
101.13267235932587,100.60509643130779
93.63186556034564,79.58066390440702
70.16991414950608,79.96378530702829
72.43442347373485,73.26492112537146
65.78521760427952,65.99318059659004
64.53199830323696,48.50094381658196
28.760624080102442,35.766785936040876
17.94151643765211,36.998516731076236
34.427865416922565,46.204066301581854
48.539361292657844,49.18884085314392
56.72544678082943,32.45326432892084
21.848575259367223,13.413969480992554
-0.6687004969084261,6.369679822466075
4.1117366814279555,2.977206389537006
-2.4228216883301736,3.4681574313098187
-0.8414647746521233,10.963765907880962
17.811372534953353,33.122176842248436
36.89664195119619,72.8684190648079
104.5080230795288,71.32390711398601
75.71153500442982,87.26387621768474
85.58129610137462,82.54309221547842
86.18537592612982,79.4476518579793
80.67985816897392,52.785550271573065
45.572424608757494,29.304680548582073
21.61766711722493,16.739234526549577
-5.095775144808292,22.07983100969493
20.549435562714336,23.743736591022607
26.244109355032442,13.874821190182564
2.791397399857044,10.300698779818415
13.037330745309589,3.9627350346706804
-2.65225211948514,1.4685102142409607
8.594830419883133,0.9810512898189016
-0.29685604554891587,0.7109570493346825
-1.996270329695344,0.6318030869205389
3.0297283310754595,1.0229808218102903
2.6112652581401163,3.396132375753894
4.007343247001022,13.186943715986011
17.72884643926382,30.35382525363922
39.40823297937154,40.30217890602827
46.109911132053135,49.934221148072474
50.45616010525703,49.96090722409009
48.55599532244801,35.318004206310505
27.057678036600347,32.18534720101237
32.86475116139054,33.97707628754139
33.662332876024244,37.85637460793853
41.71977323964715,34.422306695550674
31.050450114769934,27.560015503641363
26.12952204722881,27.828056024931666
29.300677787659165,25.71560948144793
27.159047204574343,23.34094146798551
20.54276931050062,21.17160305148959
19.211938581879135,16.619059906224606
11.17754418950975,14.70417820543587
16.90843092980146,17.70559581557214
17.871627630019187,29.38113629180431
31.937145927845236,38.479595454851385
43.166602775976656,38.49278650832891
35.66371935666799,40.141842749511
39.05329944051265,37.98870046677946
37.93351352915287,37.37695821397185
37.839126620833866,38.20091300677657
36.77759141448378,40.46728827970624
43.89617667965173,48.15191209288835
48.69337730034947,45.94666770707607
43.88575746287346,54.01944797477722
56.25244684271812,60.14527329119682
62.60972202832222,63.966260714690684
66.94015558148861,63.91627736626386
62.55447790839672,66.77110062918663
66.57716836726904,78.35463328169345
83.89198653136253,71.51554004556894
67.73773428652763,75.86890671018838
75.09868522078037,70.86524488492489
67.9786643789506,72.52099145507812
71.52736775265693,70.99641505940914
69.67188642204523,70.61580365875005
70.11420655200004,71.42689544389725
71.99472169115066,69.99364218916416
69.78083374942064,73.92857888638973
74.73157486185073,85.38127241982698
89.23750219701051,97.97326005733251
103.07195284417628,89.63913862609624
86.4640342974472,74.18722345309257
61.62482013128042,59.31769494639873
53.27907564539433,43.684304223853346
37.94513959339737,34.3591082168889
24.16987262559175,25.54105900926232
12.630093460526464,18.955680623756646
11.075397041311264,12.498650917723774
2.963308457509279,9.45639235539645
-1.9154732461488246,3.7216909538492557
-3.915586668243408,1.6864542451544848
-5.69782650274992,1.592790768156424
-2.4621104420655966,1.259263911949396
0.000292523076832286,0.789736716923099
-0.01122218616455794,0.4869089961133897
-2.574626020132154,0.39998995025332085
0.9621149671243131,0.33101768764052303
0.5198416739866882,0.2976517868425604
0.325250875133425,0.28822159811562853
0.4793495291164238,0.30185154395935704
0.387519224452218,0.6850130265050753
1.0361270135171339,1.8948250375439968
2.1399410999659447,4.06622709549129
4.9486545509132736,4.5041005493080615
4.654370364023149,7.022547434161901
7.85286150052309,5.762469266846179
5.936540461079179,3.844202524442374
2.236436041257828,4.927176202288121
5.740642181437611,10.093112739241421
11.772535790733397,19.242212094753977
22.614899323666094,32.09859864398837
37.7093408599019,60.67233156893015
71.20638846096516,62.92938913673401
63.24541463558435,59.11080336979389
56.97311836533308,57.598939502048495
55.177443700180056,56.19573404058933
59.49014472149849,54.48522488565922
58.13142708858251,55.53610311725139
54.612771508150104,53.61261698527574
53.285311525568964,51.63108179113388
51.389254839496616,51.00498377170801
50.71383859206796,51.20140195883036
51.66885220435381,51.28412367817402
52.11211132784843,51.22425080163241
50.63849940847158,51.27625057849407
51.270454099142555,52.24113265173197
52.701107064073085,54.33404692574978
55.83618378349304,52.150152604589465
51.429342640619275,52.82211082773209
53.11723168194294,54.298172557177544
54.75123694013595,56.05877942513227
56.645517965347764,59.58845614127874
60.87619549328804,83.1468169080615
90.7296171044731,82.26527051148176
80.4223211331129,79.34038990362406
79.08123370582581,85.65494088316679
87.77412891873121,93.39006268546581
97.57135276472569,85.86112821461677
81.43429132469655,83.69874647622109
83.05023901481628,86.5918337258911
87.73402306004047,95.29711643049478
97.44573228282928,87.94848677685738
81.79961398438692,80.18930025550604
74.99731605280637,81.48890944892884
82.77729887338876,84.09447808054685
87.66460374917746,80.1942781251049
82.92587052430629,70.50378052561283
69.17068056260348,64.75853049471617
61.81156548110485,65.71083246219635
67.2551758757162,64.82590930038691
66.27614268829822,63.60699937868357
62.09629721448422,55.9425308210659
49.817349557907576,55.85196007879973
51.618567896459105,55.88231485073089
52.884463610289096,55.86839848493576
56.00755612369776,55.84034906252861
54.93014530541658,55.874929305388925
55.26996465979815,55.83177773688316
57.176512792921066,55.83462481344938
54.996627251873015,55.828894545180795
55.654265823533535,55.80552805209398
55.7963487883234,55.77668409669161
55.84746374434948,55.03578207864523
54.72363293774128,55.10250479267597
55.11849175961017,55.082743794014455
54.91896165158987,55.12442668031692
54.73652002215624,55.11574700926304
54.95744232915401,54.79358795645714
54.49575244784594,55.439747934012416
55.742254333565235,64.88967057325362
64.66083303225041,66.1749781727624
66.92531827972174,64.95281788880587
64.25870904882669,66.42864486986637
66.77002921348095,66.36475117483377
67.75401017455101,64.96853399221897
63.29512712049007,74.37688209056616
75.10111697328091,89.0916211237359
93.90453483825206,85.32042443460941
81.57627196326733,82.75785087257385
83.14076762275695,83.66948117756367
83.73286926069021,84.87006868686198
86.4543313642025,85.01068898863792
87.02141123197555,95.40612394976377
94.73423193770408,96.49270199343681
98.06992221922874,98.05842556755542
97.45872169346332,96.42747203836679
96.37774751508236,96.64967041350842
97.28949820385932,96.17701958837985
95.25459085768223,96.43919140004634
97.26512048696041,100.14054141586541
100.26432002581835,104.3018658440256
105.55010125627993,110.28095536228179
112.84391415243624,113.61656137515543
114.32523665338037,113.9870304417467
113.34022039174079,114.76315675591466
112.72549262101172,113.61075887661455
113.6084715846586,112.46483764506338
113.2320675973606,111.19342835378168
110.43888685265063,116.59916600895403
117.03601469578264,119.7765877255058
120.88723650742052,125.92103641379832
128.0977678996229,145.3749119575262
152.01347590019702,157.62242138808725
161.48158852967737,161.55684043502805
159.1759741613245,174.66996948712824
174.01439549741744,157.1839114049959
158.61960845060824,138.98089564008234
130.93059102544305,93.42887441844464
76.56128804282189,115.42702518856046
108.22258521598815,152.2849533786106
154.84473403678416,184.58054068791864
186.6176751341581,161.1194861362934
141.34170597484587,168.73301429437635
173.13217495162962,162.99638976182936
173.9214110602188,118.1075989387655
101.77201259533881,147.80267975470542
144.8473781638336,184.00621371615884
185.42026575684068,137.76009569292066
121.93067502096652,140.03093118516443
130.2652900257301,167.92095341974257
174.0951369034624,164.7702448655605
156.74316228346345,162.824939172163
156.09989151679991,163.55852185595035
161.01718399396896,152.96910647939202
143.70869199789044,147.56435597127435
147.72013259185312,138.0568296898794
135.3574158769846,130.49056420663354
125.08422463252543,121.53143422924516
122.17047952497957,115.86664270249365
106.6137040541744,117.09866241861819
125.8289307782459,93.62236126034975
73.93208807378531,87.21797989883184
76.13302272001744,80.89792136102676
84.49665623667478,79.42428536489248
73.22272058878421,71.58453801317691
65.94351024600982,70.8674238314724
65.3387382144785,65.83843927658081
66.93881932145119,57.46237011471033
54.32190020162582,55.36712641441107
55.242721808764934,53.145353334622385
52.62439249570846,55.3429413115716
58.33794547544718,54.57641560442924
56.1642476610589,53.0400355784297
51.993316606683734,52.58580347273588
50.464469596165415,51.97270690232277
49.76716155704259,51.84072413727522
51.94474174856663,51.73934895011187
51.41076140307188,51.58486645524502
51.52152050644398,52.38110288105726
53.05628738969565,51.828318588008884
51.50191600670576,51.77197897562027
51.4254783210516,52.43062877109289
52.499813333570955,51.4979072265935
50.83647656563759,51.74087180501938
51.51730105470419,52.07987856883764
52.462945798754696,51.60080526866436
51.464332188355925,52.04418477594614
51.86418693739176,51.211411870732306
50.50853006226421,50.02255877108693
49.36413469521522,50.08208855383515
49.37151422136783,50.16633914727568
50.18474281873703,49.965731604360336
50.24141950572967,49.70295787375807
48.98967490607976,49.69057038205981
49.64632934028029,49.7517434035027
50.05669359393477,49.71093931884646
49.4601196983087,49.99365763338565
49.899210533173076,50.44174715633988
50.544112500152586,50.30003136210083
50.36483696432113,50.23893659011959
50.256819601701494,51.6765627859211
52.541749025826455,51.63145498087406
51.650535811138155,54.20371943777561
54.801358729918,57.82130641449213
57.449826124088766,69.45316111916304
71.01283540797711,75.82508099247455
79.54054600733757,82.20890080314636
85.4233766493845,81.97226841192483
83.47083589037895,81.30164042963028
79.82018550652027,80.1216204903674
81.69435040089846,78.27973650851487
75.27676895711899,76.68286362946986
75.73171734634637,76.39332256379366
74.74379983543635,73.20484359639168
71.84520502750397,73.98378689117908
73.78029615656138,73.73610326829672
73.24395628883839,79.32311483016728
79.80052081488847,79.64577949487925
78.82522554406165,74.55314803171873
69.92030438602924,73.60466223029137
73.22767438162565,75.16954311789989
77.08017226140737,77.34428827123642
76.78113893411398,83.84667407387734
84.55342923069715,85.12721447541475
82.93491134672165,83.863022192173
82.75226506484985,85.26370561329126
85.71305615641593,86.2866608254528
88.75845899278401,90.34452140774249
93.21531358003139,100.94822032064675
102.63695806766985,115.61936236529826
118.42006709670542,117.3636391725254
119.44832521469114,118.17999774836062
120.50541524970053,117.7900024314928
119.27834330722807,116.12425196862696
119.90864874001501,114.04269590492724
115.68609109851836,110.15256605328081
106.63031701680181,108.08705714840887
106.87313111549376,105.4437060651922
102.63879993961332,75.65381097848892
66.05410683126927,55.68098500509262
43.39190103363752,55.206101060712335
48.556236090022324,53.473850593822
51.21132158289194,49.64434902698159
51.86244137247801,49.459060320981735
48.2194744838345,49.4949587663114
44.10861493924975,49.46604258063673
49.51201714895129,50.98875001801014
52.69868133076191,51.02602685770273
51.05679695369959,57.85788502821922
59.46429230320692,61.58563520856142
63.83524703912973,64.59848626888275
66.08350455209255,64.56637389365912
64.24842827340365,58.85391640638351
56.61622257074356,58.09865862171888
54.860099998860356,57.86899645177364
57.343334625971316,57.850072120432856
57.0802117823863,55.482062835197446
54.73655613729238,59.44979207604408
59.47885874145269,48.69878855158209
43.66553338184118,46.26117336061358
42.067089494373796,46.45306511733889
45.7575056527245,46.806286196825496
46.93402844297051,51.0965356418395
50.34619854447484,53.2785519759202
54.13225360253096,78.26126361637593
80.34492639635086,117.06426877062796
113.47743383234022,141.28988075447558
151.9274255691385,159.39528934476374
162.4685670470476,162.38396132143495
173.77533737288474,164.60564411338328
177.51347065486905,172.7824720883226
179.96342518402096,171.74579914361476
180.29729757931707,139.4780806810331
107.04359455810545,120.94293808573721
100.37177459423303,90.25683385717869
73.09716029878139,51.60415193794727
27.98630954193115,31.637017108088727
11.8726747868824,27.132872759652134
10.148225189399719,25.208569522721167
22.115547374546527,25.751992471520897
23.804092507510184,26.01319218410611
10.789997177913188,24.290926047562955
16.94352581335187,19.490840730365512
14.878352478286622,14.023582445564864
10.184824870289564,17.605267967357037
17.417964337719678,19.34251586621165
20.409096658040877,22.23017230228364
24.61809156111717,24.22946560982823
24.071278303911683,18.49722154233634
14.618966046495435,16.99980673864424
13.78203689103007,12.557575771941542
11.423826093670428,14.34239783868253
14.48624593075156,16.90824583972871
16.84404366124153,14.538977039120196
14.261107181608676,15.224090200604198
14.498526581838725,21.26351306338787
23.284413755929467,22.194616950747367
21.151345469706055,26.334195552555318
28.23337017871499,30.86417125212073
30.72749050977945,27.39143004810929
24.92707159882426,39.88100117869258
46.417768590945,54.419657855985164
61.29297018360853,62.52884820011139
68.28369883803367,77.78760758662462
78.47114071090222,96.57733781499624
98.70557269216538,112.47503415183543
125.24283027210234,123.06641178412436
128.1835895014858,141.59433135219095
145.84001471920013,166.72284581645962
170.21221804066656,181.69089641456125
187.7125416015768,181.61971348121642
177.51613113656518,181.68461238087176
177.3892105097675,178.5714756066608
174.061766517663,168.96547538737295
162.0616698464632,156.7781819271469
151.43185367093562,162.5586502349758
169.35620504534242,160.90143498261926
160.74048185919284,160.36455940704343
161.19107837451455,158.81484687661646
153.8357734398794,157.99370906443116
153.59878591648575,154.7162724975109
154.14341420795438,149.68271335870742
145.66016134119033,144.2900373444414
142.47554067416667,140.12643164351462
136.81332536046025,140.9276940924406
140.1055450564432,143.42871542410373
145.5307246932411,151.06598326501367
155.17822120396136,157.18905179270743
160.21713742129324,157.95372960871694
158.5865992161703,162.46188574686047
164.68987664925572,162.9522811422157
162.92616989878175,120.23145786527155
109.27265687620638,105.66875151690004
106.22910193097113,117.45926001466273
122.39793265243051,132.80651954230308
142.30605234023093,141.91673117257116
146.40515640799998,160.41355560841558
162.4705052260208,159.87052842131612
160.6691544653034,136.7386151821518
127.9647076996803,117.56997698370932
99.78604125864028,118.64853144796847
112.86825575419901,112.5249091548538
109.96337089338778,93.21944274393081
84.165817512815,90.38049208334445
75.29079968751192,86.24686194541931
72.0048760635972,74.96044249880076
69.65527947860717,78.22234353798866
69.46447719515562,83.0583709396386
86.58943808852672,89.79137596333265
95.45151465671061,87.91694622462272
86.10198607676745,71.27354455662966
65.56726877682448,67.37513831961631
66.68933596095086,50.9389412260747
44.6840163363099,35.47319696552157
22.139786650090215,32.50171880325079
33.424451503010985,33.5447690790832
35.14967456632614,44.07850695408224
49.1155903282547,49.298269715667956
49.93356505643248,61.945450309989454
64.3919678820181,73.33915578772068
81.25562974617958,103.12507820944785
119.21559927736281,118.62892092904089
126.95689074875354,116.17923124422072
115.2189538508415,117.43529160264013
117.56684700524329,118.43336950518606
118.96098756752966,117.48002621794699
119.70284061749457,96.75885248926878
89.21546594477176,75.3896769110918
60.09018567019463,55.74231452545881
40.79843097262859,52.82106950797319
43.806298144161694,42.825128144521706
37.8559653030622,36.9836312757945
32.21283081961989,33.87785296057343
23.198853988803624,32.09389765709996
26.133106474491356,36.6625406290996
36.77378728680968,33.025198672910925
26.63252162509918,29.48741109910488
24.414047061078545,27.569366314308642
21.819663588084577,28.107048461258408
26.346474698845146,31.996769008028505
33.57548199278116,31.168995039576288
30.65523014153957,35.27762146490931
35.17240302534103,33.33489499415159
33.45441803722858,32.745721691840885
32.695524662191865,26.866923906663654
24.161412654949423,26.03021144201517
24.919788379701373,13.498539091469047
9.57801383836329,8.077091352072953
1.8962205489766595,7.5419184546867015
3.4799129081255193,8.810911793839932
9.858933920081853,8.724516111792028
9.027174495876134,6.772404220028221
2.2233093178665633,5.301885035383254
0.8915192809411883,4.237516671842336
1.1058377848148346,9.618693024840354
11.025463351196647,6.241778067803084
5.328231403401493,4.994864620011448
4.370392534110843,4.952189696062952
3.8821358319742973,5.9050209760072825
5.887953188384025,16.306105698744055
19.194488951930996,29.77718691316604
34.34077376610517,47.524158796389095
55.783558010938165,69.27768369181634
79.27694162860394,88.08574837097167
92.18315502734184,85.09063586168766
80.49933666094542,64.15386078940392
55.663065878374574,52.965379572825434
46.31326643491029,45.55814408200621
35.317305980345004,39.821877691226
37.5938085393691,28.994942093015904
18.142647650041578,19.08397513052523
7.8730859767651555,20.432646736403104
19.414333824033736,18.813147724562285
13.019044448040722,15.49551049671888
11.77837515680909,12.288373547105193
10.189005197298526,5.764288566829562
-1.0987836148989198,1.5495694146740435
-2.947652866001129,2.566001518468782
0.056972972062826144,4.695881327229588
7.997227242876887,1.2817265861342102
0.6661728697654604,1.1429925478232652
3.6823833901470895,0.6300499274827167
1.4563536148844658,0.5382246779970732
0.11003532394580541,0.32932857613946076
0.4015775819838047,4.150922732744961
4.3167352229797835,11.38156837478429
12.498793121072351,18.915130849850772
22.06343323308706,22.5613496055448
22.32759137724161,22.823131674700377
21.729608991305824,19.247189964352845
19.101459370812176,22.08458466449022
25.62759990425348,22.476787519055005
24.05201238357484,21.378461522552964
21.568363937195535,21.676140532240865
21.495403838192818,19.363590552950498
16.292294668762683,15.044864323084948
12.966581193598508,12.837183670380114
9.496516271655262,13.60015956059873
15.141085579360722,16.997912198793887
19.827296862693427,22.74426223654568
23.064797613022325,22.084482338271137
21.030228846246597,20.798137933395502
19.243756016824243,15.091251205870506
14.33799630646467,5.508827775097638
-0.2566177646923065,2.005312524996325
2.017309333685338,1.4477165484052523
-2.195014933504462,3.078958152234554
7.477789258870482,6.288827813816666
9.774444816263019,11.715139810612499
12.767859161749481,11.698158172636926
12.105636977393031,6.682229991860986
5.167638678937852,2.8482347239656742
1.4862276040656863,1.7621889083016289
0.7284248309007286,2.9820966046908493
4.188067526471018,6.061781734046042
7.970870717476606,6.154769933238029
7.0185506924283505,6.394668110885471
6.151006811291426,6.327997312362939
6.613800837647319,8.589274708105922
10.073254681151509,16.92014126269698
20.455355633052584,19.469921037752627
20.342382972794173,20.66792932441115
20.74437302925467,34.064691607832906
37.32369139775037,45.11307619210958
50.40606841142177,52.770099012491706
57.41439115633965,44.31101018140435
42.41501669682025,45.55271176361084
46.94929611677646,46.45661944865465
45.56592689384579,40.89884007990002
35.44071741974711,44.05283210187673
44.467415807270996,37.219114001848695
32.890070881423945,43.59748042696237
45.25641114828586,45.944554971611495
46.80815214552641,47.165881597841974
46.072595167629714,50.703666162053345
50.32095707390308,53.1180924260211
53.191357998883724,53.99851323419094
54.37584417665005,61.66325265532971
62.95639723938227,63.66969525503397
64.25725842419148,53.029899263551236
46.15497981236934,53.15868583904982
50.248185074567786,63.890045739042755
67.05011413267613,62.715406955065724
60.960951698634624,59.66670560292959
56.17930165364265,72.57764406531334
71.07619339515686,66.25468427823782
62.01950439665794,47.26200504229068
38.33316964493989,41.89179264270782
43.132654547998904,36.80892731428027
30.841045526608227,39.78431494003892
42.15406076140403,48.963981996306174
46.00592963589787,48.26075709404468
50.88529821051836,45.047081799991126
40.14244165885209,55.84195618608713
60.47437848852157,42.07453824120402
33.685278025856014,29.538360527423617
19.080955002264975,37.630143375927204
33.13733015145659,53.8061700382638
57.593997747585775,42.61049288080811
42.31299444680094,33.62820708196043
30.959015618830914,27.875818292485473
22.597959820016023,19.187163598482606
11.910150259823798,13.302826654298899
2.836333658007383,9.589851326633989
-0.2282071909236908,10.626733438172042
8.345887281627656,9.964712896659076
9.42680879210174,7.281252945156991
5.390695540961622,4.493429278975427
0.8525337438696623,2.481020722119286
-0.6343963843598961,1.7283217512805384
0.26415798414885994,0.84970811066553
-0.8032737705758213,0.6563151775193773
-0.3241590884757042,0.540752337815538
0.9435438869589566,0.3647047921330807
-0.23211420911587774,0.33770507167625236
0.441391886190027,0.313651285917107
0.801664587083999,0.30403998072289856
0.34686644246596837,0.2842259761629102
0.5535413517663907,0.2862523062818148
0.5241574327562004,0.2825348661028815
0.38610478549052024,0.28746510240002765
0.3283142780734179,0.2827950358639814
0.40970873089500703,0.26103075278294946
0.16748274932574478,0.25836
0.4075355448998138,0.2873380175622203
0.4388581131323706,0.6345649073124956
0.6093197687972244,1.6072352237678689
1.9505322588507084,1.8987685470716653
2.54498928081952,1.248534800969027
0.760899909308087,3.1851359001067276
3.8243252801863843,4.449244290896803
4.983238179567604,4.560847585576325
4.06186431180492,3.01672123907268
2.5985425728344915,2.16072253932327
1.4835455849576369,4.2165405493292205
4.641298189535439,6.680032235346735
8.266352723048925,9.97079227791041
11.029846825846434,17.93512255375683
20.823116064432856,21.535762502836583
24.52709044681191,22.001516841758487
22.366872606990334,18.24333364002347
15.253326908112166,14.35668287982583
11.492528368601203,14.676390617765783
17.520936114860174,12.793989215150175
9.957090345736146,9.2797705296731
6.00705225481063,6.8010736189392205
2.8534416989594695,6.10035721384257
4.444873230825066,7.3396985214221475
8.49156972165346,6.293598773781358
5.49815236657232,3.801886494659334
3.0802259439930317,2.0141443686811624
-1.4801316138556597,1.9583346330557014
1.0719286815679072,3.0625142912081627
2.7554302981487657,2.0649636320300395
1.8059932767032083,1.7486430988513302
1.7923837014656512,1.8188931518955527
2.506212346279174,2.4599458472807703
2.5486288212846215,1.7397191803792862
1.70593441101253,2.2151211512436713
2.657392187185287,3.815392426980137
4.471364435587227,4.281409353037774
4.546264218360483,5.208371661919802
6.115984158013314,6.6015563016963
6.511568668399155,8.467582499664127
9.94059776689589,6.439074304172992
5.914277736840844,8.146604712769687
8.547429303690791,8.35757654736042
8.658981435260772,11.22148276702404
13.02876393405616,12.612050940426588
12.063890889602304,13.861190735881923
13.656985222527979,13.709925497726797
14.079998802617787,15.455371532486675
16.2424768480432,18.769743350103496
19.884230870031114,13.498551129847764
11.669932688941062,13.870418153167366
13.897340482367275,17.02892456716239
17.630987963482735,20.69257640003383
18.64051586898446,16.76281470085859
14.003518982638118,19.506449993167518
19.714218866621252,15.11215133611798
10.920764819109142,15.657598237339256
14.944838939135073,20.770618199651835
21.575472599827048,21.811614427115913
21.887627759920356,21.562600563385484
20.050435736172197,25.798388383090494
25.919593789592977,28.47320176908016
32.441999416037795,34.703113917468784
38.419382494111055,37.89844573195457
36.028166224306815,43.16074309513688
43.62623409452438,41.65249976979017
41.84882164988279,48.59146941492796
49.70674695345878,56.047210543186665
56.064142522850034,63.2624068071413
64.42386356642484,64.36508016315699
64.96557255105495,59.82212709133625
59.031332012703416,45.77652629109502
34.944083134622566,32.84437921500921
21.51577728937149,25.878961251833434
16.42793409134507,21.977507800207732
16.134453466234206,17.688784219695922
13.043229550880191,14.369600060187576
8.669584237314462,9.397180084886848
1.6196026828515526,2.7694049748408047
-8.15700242999792,1.2094532390172779
-5.61815801720798,1.6498032130554316
-0.3669796015667915,0.8812548231642879
0.23433816767185925,0.5145501246799249
1.5430837381410598,2.187645244722515
3.392610397580936,4.852788426809608
5.711476951803267,7.267295949833691
8.668797228305936,8.350923838322759
8.622230522238313,9.180662319701613
9.159907402397394,10.046172843433618
9.41223633466661,11.922609229395688
12.80763847941756,11.00349932923019
11.044510323520601,11.387212869604527
12.289351665375829,10.918294694276451
10.856646909272968,10.431695902608633
9.878275832684338,11.840102696071565
12.021776878862083,11.335092708955704
11.407006973807514,8.323637348166704
6.82367642737627,7.212589794957042
6.310873847238123,7.015881181948185
7.333402449353933,7.182143982786834
6.9081933699458835,7.831653639219701
7.016089596379698,10.055905872625113
9.832500650017261,14.170410036365984
16.33567797605872,13.354216988238095
12.460793978656827,11.46945004420489
10.160052144089043,8.03681093689084
5.056038770052343,7.713860360684395
8.366806974240541,12.130186241188644
14.22839890663862,15.04488689504504
16.377717499330636,19.33193563611805
20.31339606164455,20.771688110560177
21.84639029363036,23.951794385565517
27.338403999462123,29.280438263443706
32.28882609485626,37.8250868616569
40.18697162172079,39.22770846174836
38.22220588912963,36.18902003110885
35.40681734528422,27.527806821388005
23.31755390773594,30.987657931389805
34.13195905850053,28.57262974848628
25.999642988861797,19.80661492806017
20.727651721218823,18.69072493701219
18.37764884094715,14.44407699490845
11.494448490006327,16.940036188321706
19.88953829024732,17.87661001401007
19.919939710896013,13.055272443987725
10.78564831360221,10.73797106709808
11.694585783753096,10.416814209320247
11.795131075183749,15.136401145243047
15.039689325034617,17.755883133061527
17.857780484901664,16.7938767275393
16.13636455885529,13.58920463596761
11.298349319919943,13.288630396198629
12.750253032878039,14.250412586917278
14.299964058507678,13.91807207531273
14.575695598999856,19.47616293711662
19.57500404556036,29.18435394372582
33.1625926891911,28.32892781936407
25.39171088291764,35.116319228500124
36.599631071527,34.546082295908924
33.82310241417527,37.82815965782404
36.47869953814029,40.47734333552837
37.92482783890962,33.373896331595176
29.57861987544298,32.92330282586813
31.53198225379586,40.289111245932574
40.1831223501265,41.157978220130204
38.62160919896364,40.3479999850142
39.09246028647422,39.774043193399905
39.07611517777323,42.31665411393046
44.50498457764744,42.944903993551726
43.38183092984199,43.45952060688257
43.73411000619411,45.524126633350846
45.445525049122566,45.21479146347165
45.36133163798093,33.62274767721295
30.141134188088174,42.62077064663648
42.06556964906096,48.42368150198578
49.18799515703916,39.05284499171614
32.76886848451614,32.75330286083698
29.866728374052045,37.68243207387805
36.18145090049147,43.62664038980603
44.521868403795956,25.39230527786672
24.804389986131785,21.061531640501617
13.55079468387842,29.37933956378102
26.632052128329274,27.548708456432816
28.68229636898994,40.02865490323305
40.87669849184751,47.775547230321166
43.39857330504059,51.980977268500325
55.58046454281807,54.76507505646944
52.80192848581552,52.605979795463085
53.563554572820664,46.58760302826881
38.77529415124058,40.84392099619984
35.88758203766703,33.45135426984548
23.183530637496112,17.545820948462485
7.655489271887541,8.50011170375079
0.4788910596895218,3.3669312190830705
-2.192822443780899,2.330414961398169
-5.183167755093574,1.7506273622430486
-2.3119813259017468,0.9942689593993685
-4.96792906764686,1.35984494231686
-3.379960826857984,0.6660815944018401
3.970783819440007,0.43420940619527826
2.2739451840396967,0.5296460399770551
1.1828392051722854,1.0429219259033724
1.1715399640999362,5.366649631876051
6.838391840558648,6.588949861985147
6.126857447388767,4.256871375222206
2.8147170561266686,4.82325602662444
5.2735290105181925,4.519271539884954
5.512254951038211,5.971283222052156
6.050102249495983,8.30306074934721
8.12168827842325,11.186124543939233
11.735036993433237,12.370108119394182
13.212677255287764,16.60220166163087
18.856634862874746,21.635721675703522
23.684292581722733,37.696453775486944
43.00346468681335,41.78728446748375
43.77297290228247,46.66827220404148
49.82279090508699,44.700009322433466
45.238786961846344,42.19388973738432
38.436732807434794,35.89711643360972
35.35238581592202,27.80611607972264
25.001244564482565,21.506662731886504
20.5958645798254,21.026423213775157
17.526397024405,24.838609077630636
27.96373758183956,27.021827744785544
27.24573256011009,25.075977314751146
22.212937858355044,23.011244885306354
19.70475670095086,18.108317203539606
14.995505465553997,13.226793759129045
11.617893034949898,11.750234694162904
10.661756091450155,9.487789951883853
8.270141802749635,3.7732558442798254
3.843292874450683,5.850409999562352
3.28887587628901,24.423173656942247
29.028354613140817,67.87609739229441
74.76097860186339,89.95665688390731
107.8100781309223,104.68336206552027
110.47689201425551,100.82154648061275
88.89815835858822,82.68971364904404
71.9080814795351,79.87051796792984
83.4416187452364,79.52569666719198
85.26132201430559,77.47198537346125
83.69611609047175,79.30352236880779
81.20304008876084,77.5267660158062
78.27056928312301,77.51810440232039
79.8991512517047,76.85445867968082
77.89703644914866,77.07374978636264
76.80051470465659,81.18038987920761
83.22144281771898,79.35228984098434
78.65036207402945,78.68544792879581
78.27949574094058,77.99266331047535
77.80455762385607,77.63706164159774
77.11527617374182,77.57030281243085
77.72293139697551,77.0889602778697
76.87779507682085,77.97596607919692
78.75030469412565,78.10417481251716
78.31027185612679,80.57756204583883
81.47462591258287,81.89200252183915
82.4604066112709,80.52871632420063
80.28526419143677,80.59271234545231
80.97098228145123,80.82374087138176
81.86214734262467,81.80781813948154
83.26155469559907,83.53289975184678
84.14533421143055,85.9695759492755
86.95804722560644,87.90129031310319
89.50255118119001,88.53753668578625
89.16732446828841,86.32364272486686
85.96661450811148,85.35386705068112
83.55670564575672,84.80465815611124
84.75998373269796,85.01189282650947
85.23965293261766,85.54371830221415
85.76461653245448,83.4553124010253
83.14688913833379,81.66248481243849
81.15395359954833,81.1257597165966
81.04632447464228,81.88919156040906
82.51261104057073,82.54022106215477
82.68900940388917,85.10121759657859
85.65303881932974,84.21740196561097
83.41988947165488,84.18547016606807
84.10536077490568,84.3741536948657
84.325921930542,88.49790032386541
91.41328867010593,89.2563843940258
89.70888297318459,88.80891183798074
88.72572664105654,89.45779850831508
89.11310361055374,92.3004329127884
93.40199271877289,96.33551086335898
99.36657599067688,97.53357031312704
97.16216225299597,96.44262835716962
96.34878317589282,94.68389947629451
94.00921456037283,91.80481888025999
90.07813616352558,89.49199352305651
88.69514915911913,90.55534953418731
91.65185924030065,90.80345450032472
92.0530803453207,90.62727884701252
89.82572747699737,89.908112121737
89.1077946855402,96.65313144738913
97.61212073424578,96.22074899906397
95.71929635285854,98.61701837833404
100.2688283986473,97.74667971233845
97.00231666041135,104.91495639524935
108.90717169840335,109.25266112915992
111.69445363754271,113.17462045413015
113.32028483658789,116.06125513280867
117.71157239416121,118.18232115545271
119.89983664679525,115.14642261908052
116.42753484360694,119.57640152584551
121.0828240464115,117.97120410791872
119.55151819704054,116.53413468713282
116.19949183559893,120.15574850152967
120.36469864089487,117.60266118192195
114.60780147859094,118.17694000016688
118.45686842043875,119.21603265899657
119.08157600712298,122.38633969372748
121.2110087029743,124.60959951328752
127.37458637504577,123.26954738656995
123.07782416714666,119.31164146275519
116.71803296039103,116.42523551327227
116.9033758390951,122.15981352143763
124.14184830829619,125.26342793808459
125.53515822245119,117.86513395305631
116.55198760276792,115.06381526433466
114.59368046035765,113.26283769335745
112.7090241189289,117.48814008520125
117.43131893766402,116.17481315923213
114.08310874227521,113.64931780364034
112.01014808097838,112.52749740627765
110.17959221349714,112.45236588471411
110.99226704544543,111.96750814356803
112.50522640565394,110.98973898591517
110.1987211972761,111.51685143635271
111.83647039124963,110.55287826070784
110.22675858130454,109.60497632064818
109.90308269278047,107.75319679149149
106.32271236386298,106.24393321354864
104.47704833109377,104.06510704982756
103.95962677552221,93.39414971503973
93.07545169611454,92.45829217288494
94.09682386147499,92.49424479091883
93.89034158974647,94.9267075557971
95.05132885226011,98.69648973542452
101.02234061839818,102.60148096559523
103.65668097514627,103.28929373350618
105.19153814623832,104.40691273669718
105.35605462976454,104.46847700544832
104.65967053620814,106.49805134985445
108.0156936393833,106.4038871515417
105.92729977657316,106.53852437909602
106.75799606145857,105.51168678979872
105.11214503860948,105.90310263535498
106.06312880362032,103.34976250979422
101.66579797993181,103.29436189094542
103.02780810942649,104.3529206081581
104.48942378441332,104.6824591871166
105.5753818515825,105.71756714259146
105.95173768536566,106.12866573734759
106.16455214429854,106.37286424959181
106.12673959675311,105.79502207124709
105.57523739103793,106.06941283730983
106.57690273044108,106.97768443463801
107.81182369583605,105.41357400326727
103.98635197627065,106.52276614135741
106.7272861573553,107.18016996463297
107.45167151980398,106.12994180549143
105.87038232200621,87.08181981637001
83.90798553667545,72.57349082465649
63.56127761632204,61.27784997994184
53.348127785706524,69.39348085668087
68.69827652423858,90.50586577847719
102.19842400782107,94.6769051782608
97.19498489256381,104.37915223537921
103.8282519485998,112.38333782115934
113.90637330435274,115.84382997482776
120.19489730911253,120.17475710152148
123.20245750198839,132.40406450346467
133.77816116518972,134.05751174328324
133.39934950214862,136.50769500163076
135.33048602379796,139.29699938839434
139.7982052478361,141.38665728096962
140.70576658082007,139.04885228793142
140.41455819969175,142.88403897912025
143.94705189645765,135.9119758308935
130.5870518120384,128.2712770520496
122.92549052288054,118.8354754310417
112.86093641993997,115.39253523354051
114.2607711353588,108.17404647300718
101.63544922719001,95.99672680954694
87.58997182033062,96.36425249254226
95.98481483380795,95.17603441737413
98.33253343171835,109.71495894859312
108.29695831969259,113.54801484674928
114.49732527711866,112.49645042757032
109.61006855484484,111.35399624908922
111.23656186471938,112.74074524684427
117.50561981109618,112.73100619846342
116.98660918953416,112.75098990713118
113.59293003773688,112.263893027544
112.57374885730265,112.35918883345602
111.4568641952133,112.45470133018492
112.6578971245241,112.48964874359606
112.85880562690733,112.15586061695097
112.07912799101828,111.86861286242006
111.83070400784491,111.92084738766668
112.07225407677171,111.87669061453818
111.98581851759432,111.85710417236804
111.94904127061842,111.91165006632804
111.95634856649875,111.9013090990114
111.86710806508063,111.78666761850356
111.708490387125,113.32390838858126
113.77285564601897,114.76226591588973
115.8400619622898,118.63120822099684
120.94809051182744,120.46231785389898
121.29642099996089,116.37930909847258
115.58803850388048,115.67567790092943
114.98286920585154,114.7187231000757
114.4566957489538,112.18393411611555
108.98072619235514,112.97356749120233
112.88640962930201,112.93674209071158
113.20246522409914,112.35755161395072
111.68381171075819,114.87472844985007
115.7635580655527,116.67806554305552
117.90984449160574,118.18126177812574
118.13456490708826,118.83401878721712
118.14781916205405,118.93231214942931
119.15938004876135,119.14679994300364
119.5758477604246,118.8108810233259
118.67721890444754,118.8841947497034
119.14557202837466,119.22175088888643
118.93252884024618,119.91653387807368
119.90171463387487,118.92784591092585
118.20368927767275,118.80980960762022
118.43243051164626,117.78871432497023
117.34786889640806,138.55033098694324
143.8692478548193,153.2990664016056
157.92853328206536,151.27345268379688
147.02928615250585,150.7581859980154
147.66580338871,146.9850932642412
151.25287909457205,149.49359042908665
149.02901735607622,151.59440789873122
153.5090398031616,151.86858197397706
155.00656596185684,150.3672878027439
150.75264834380624,150.10297315966605
149.59893828122614,151.32990064159392
152.12020816588876,152.7506821359777
154.08684586637017,155.07127224745273
156.2735451297712,154.73779711865424
154.15222630117415,155.0115859657812
155.72044181968687,155.67133727290627
156.73362788752078,156.8173668498659
158.85300853714463,160.88099381556032
162.2742916913366,159.71359611638067
159.1395099121952,160.52629502508637
161.13790485572812,159.55279949187752
159.97115722899912,160.67647379956244
161.43514446459292,159.86442496330736
159.09943414945124,159.98460409802433
159.9328872230625,159.81640387061117
159.97795891297338,159.590864845376
159.36453128714558,160.76286120522497
160.99212008948325,160.67259744161603
160.777162799139,160.0799239806938
159.62254985815522,159.95238939658162
159.90144297785756,159.8376034555292
159.57491399357792,159.97847656325814
159.92317225143907,160.2702627865648
160.3664012789869,160.3036090956068
160.6206638758373,160.28404673019406
160.18743874100207,160.33338000617024
160.445613810935,160.43058991429803
160.6101182560825,160.41563824793337
160.40721138283251,159.90324873466488
159.53752278928755,154.79808531926153
154.3237611594915,142.51945667972086
140.2594918434572,137.6106873746824
137.80036406972405,143.76285266373156
144.99121271272656,144.00483611429212
143.8396334431791,148.1188557332897
147.88385454238414,147.5729272969198
144.9737089100742,150.05976741845606
152.48158825654983,148.79293271108625
147.80623107642649,147.7967087188625
148.03868013104437,147.17716559664726
146.57404282299993,144.22055182249545
142.7917527678871,135.17885060549733
131.56637392054557,145.63224434094903
147.51659972290992,139.3856620476341
136.04076240639208,139.2645318809986
138.77674881382464,139.10870710690497
134.40986304990767,125.65431409497737
118.32835872765062,121.37512792000292
116.27078311435221,127.52045540994166
125.05879957667825,136.5327829828739
139.74440573335644,138.63470798336027
139.70823040531633,139.74069791271208
139.15875064722536,140.20040748072145
139.31577925919055,139.44227854273316
140.98012123174666,140.26139390729426
140.90260611119746,139.70087495592117
139.20173969761848,139.61056303879735
140.08249156120297,140.59642198694704
140.4719331126499,139.82690474269387
139.25822377055167,139.73129593893526
139.63105235937115,139.52924379057404
139.28178287769794,145.19056826425552
146.2379674043989,151.65476832961082
153.82443328712938,142.1591720815229
135.40166895714282,139.90127784639833
136.6383956793451,141.05241169593333
144.2684645697832,141.67466345335959
142.64667826598642,140.43446967808723
139.73609925204275,139.31261316558837
138.3163049047136,140.20947237989424
142.75043705213545,139.9845954654884
140.24515413440702,139.8418082555437
140.38436594587324,139.7569376855993
139.50498645746228,140.9502178990173
140.95616485810277,139.64664205980776
139.10091827587604,139.13090587725637
139.13570919036385,139.11381137948035
138.88368573195456,140.17347762753485
140.05606731992242,141.79561304431436
142.99165004645823,141.14220596277235
140.8672614312887,139.49702908913133
137.84287158496855,139.1964789261198
139.0925997561836,139.46978623809812
139.9868225655508,138.74603890972136
139.13986243102073,138.36930988619804
138.44263565095423,140.25790277746677
141.31463166111467,130.56468450438499
129.5882034532547,126.67416942461966
129.143698357563,124.03356309175012
125.063253776803,122.57602842714785
122.07521983420371,127.97825087573527
133.2490383055067,124.77167220593451
123.74860262917517,123.18226914088247
122.4779156406164,120.29646511033533
120.31995198720931,117.8950734009218
115.87191551237105,118.66998383883951
118.57758928219793,118.13698462121008
116.8779267064905,116.18693580659864
115.44519110204219,111.00500365012644
107.48554751750945,107.80680369191168
102.63446612327574,105.2159640166521
103.52223636165141,103.62459869586944
101.12379405502318,102.2349966023588
102.31573800840377,101.94611162832258
101.9164851783037,101.78520665841101
99.16213422414064,100.33692950704098
98.70465175619363,99.71047033625364
99.37764527990579,98.53475411738157
98.12388425182104,96.28555761087894
94.66377130708217,96.24887667093276
96.30796103366852,95.70268940942049
94.72697881452798,94.80460829967498
94.24842316463948,97.38784573877572
98.39994233333587,98.49562336736679
99.68042254297971,100.18865279640197
101.49793482712268,101.0938546071577
101.17379546101807,111.28330688927171
113.06770761275767,121.98737578471659
126.26609246292112,134.21995762567042
142.18345349139213,125.51525878243444
121.72018396912573,127.19368565808772
126.12044011884211,127.96335940126417
129.26485260095595,128.18161520737647
124.63675809566973,127.86346493468282
127.4434459012985,122.45806435411451
117.17456439641951,122.2510403553438
121.38741910467147,122.52460047327517
121.90256540666579,122.41284820365904
124.40583791514872,122.51274267024039
121.88128155309676,122.31741997558115
121.30624431699275,122.54447583653449
123.64368815866945,122.51155087074756
122.69355911854743,122.28410978167533
121.77290002952097,122.43628692701814
122.56206390783785,123.51039922953127
124.38684135353563,126.00070640413759
126.03560566403387,126.68014046046255
126.87287490369795,126.57295073637961
126.47647516935346,129.45496267763136
130.99310632611272,132.86973306893825
134.46318102923868,117.18934752548216
110.91305451349734,106.62703053941249
99.86456760300159,86.10004187860488
74.80081961622238,66.9442185343051
46.89888540590524,57.622468513247966
50.90659410246611,54.821185939662456
51.92106225763321,51.352230805757046
50.675385000855925,42.57587050362229
32.44512939450383,36.645382929835314
26.610918754494186,39.460909915035955
34.12995466844439,51.46887667632103
59.599615718348026,52.89462400192499
54.60841963424444,44.885334143569466
39.79246492242932,44.89906692408919
40.61127631792783,41.51526827162265
41.96521170489907,42.942466221861835
45.18194775674104,49.078539208163015
51.50593682519674,60.25172265498877
63.12039005343437,64.73235905938864
70.40330821685313,65.44479031177282
64.8874374540019,60.93821120124102
60.35267047970772,54.20181737393856
49.75646545755386,34.56612318687558
27.677157957327363,21.2316474749279
17.9414893513,11.79239008682996
7.796368398805857,16.596921327766776
14.725433467855451,20.027418356068132
26.769864478269813,18.900003122197386
19.492693135890363,16.090453192028995
8.441425359911323,16.342070355156658
14.520538757320045,10.452440286331475
8.992150337800682,6.584971930218339
3.3720257104757425,5.447129203183948
2.6815750328287478,4.98242032221362
3.5289715585872528,3.0072551233092693
1.44570002592057,3.2471185025182363
4.12674063950017,5.352805496353208
6.570792224888802,23.087584759133456
28.25145483314037,34.540956956170795
42.59577596282839,27.966461265023945
21.179753033879994,25.46264702949881
21.62434841741204,22.291098536962863
20.601746832625267,22.827190113124846
27.18468895123839,22.88504204683959
23.88194169306874,17.525825201416012
13.113791002923845,10.072378889099955
8.633366774948835,3.43120525164321
-0.833997970253825,1.3817593059711157
-2.5605949135398864,0.7726965329260379
0.003677564691901198,2.2329078557958453
2.762640722700357,7.188254964782297
10.56393072121054,16.792171792153713
20.604493087769743,17.66417626880407
14.875851505108473,17.136448356254693
16.63695194659054,19.40893160158515
19.65960676157832,25.765776415150164
26.797242761063572,28.977715173074003
28.890412850629087,33.65655144464612
33.648753584833145,34.24344046459555
33.613761027501816,39.175368600687975
39.70322141141653,39.95098328376054
40.22951826169609,27.799627393594978
22.714658358486886,23.265712134594914
19.51336905133426,27.486196165357825
28.862890107290742,21.850880608891245
20.46261176582336,26.045015638240574
26.836617288247343,22.020450201883314
18.639646096122263,9.330428027307986
-0.19251941722154617,14.802376765415666
13.164866834219096,13.690825105097291
13.532661875938174,12.145184556270838
14.838404623316524,18.505365505537387
17.17107825742721,16.016700064828395
13.341865611675976,18.346431820140477
22.662744355073567,15.89726580479443
16.98437203233361,11.489326159862875
5.356828572040199,7.452281439169645
5.138835353063643,3.84609254990071
-0.6738228270518779,6.269263943606615
7.730202459790706,20.059651115078925
22.0553840721184,32.30463549570441
35.90197692901611,29.90550098230004
26.412129006764886,24.782915023300646
22.53610061098635,23.286431689161656
22.37115375542104,43.664272361670726
48.6979609130454,68.25059329656601
78.26944369471312,75.32467568521737
75.64661202801705,64.45469987350464
57.20988919790983,60.51639844942808
50.77946280404091,57.910324205904004
61.668994961977006,45.47807682516932
38.88513532823562,34.95802658676982
20.25407394092917,22.648827989278434
10.871936402640342,16.924618034781812
9.11380643110633,19.94332576634824
20.407891315371987,21.29507167319059
23.543828778870104,16.670999491192696
10.656523158702253,9.692583840997516
-2.1030372057259084,5.402085728223174
-1.737902645702958,3.623833606666177
0.3169748659658432,2.5263064694517103
1.7433241105055806,1.1357838161686806
0.7734566436821222,0.7876663979335315
-2.5010387968382237,0.9591299194520339
-0.011402761845290668,0.8623994303516112
1.9477918347959218,1.1231795396037028
0.8171988451436162,2.049020116119012
2.3965430923801656,2.1211595362727342
2.2351351439578826,0.7626449569477514
0.41318605890940874,0.7147965397462621
0.7778024983984232,0.647740536617292
0.5053401771510951,0.3540397937487322
0.1276565948404744,0.330421294132478
0.1753135736054368,0.3249486988958134
-0.03435082722190768,0.32459246751627413
0.21555947249857707,0.3322184747705934
0.5037622090410255,0.3389048595268395
0.31553048388833643,0.33154202721971315
0.19445900434906127,0.34196086779865664
0.19325024061746893,0.3427924152815621
0.3344214510506158,0.3328789044591691
0.48908719026222824,0.3808183736559236
0.4377508644400444,0.3772050025570532
0.4996860657353606,0.3660726881833188
0.4214027108756872,0.34737542253168996
0.5930958668194338,0.3308175554724922
0.44916971338842065,0.7182708346535265
0.8897339329477771,10.40955581935346
13.49598394558668,50.52002069474816
64.08907023515701,73.15289799223423
86.93170123378754,91.39647105504035
98.32990906515836,106.45730143790243
104.28800967012404,126.09559290517329
131.18519069689748,146.40032901813504
161.38693075783726,162.5845568259716
162.5574945506191,154.52149152989386
139.7842527669048,129.55170308898923
111.18961218772887,125.89012185725687
124.21019018426416,121.4527032324457
123.03333031941412,114.4055567161703
117.42898349219321,106.64014033383368
105.66191371778963,104.70985853707312
103.65193785393237,103.8451658706951
112.32693801687716,105.1400861156082
110.68566157793997,107.21252912662028
108.02603460669992,110.02572969513415
108.69187733345507,112.93145724245547
116.30965503922461,116.51317586978911
120.61297816352366,125.8833924035549
129.07196165879725,139.79677268076895
143.13806080839632,130.0082826785326
128.4244293060684,123.46322082334517
118.22550281990526,130.35231546546459
135.00490807143686,115.15528286581515
102.92337517406939,92.51564300908565
78.21280914204597,87.90764055787562
74.6600789306593,85.993442035079
86.04908944069147,79.94348258132457
81.23843894137383,77.30005926783562
76.1160124908924,62.488531669793126
43.56202740164518,44.14236453397869
25.3485984391427,46.629595902823205
33.73447887966633,38.977701431773895
34.91969638893961,33.023245445964335
32.802750501410955,38.7660155708456
35.05359024660825,34.81851381583571
31.561009794473645,39.90318189147591
46.4146626892364,38.03271578895807
32.273161154552696,30.271858942559955
25.762231112618444,35.73287683279395
35.34139176656007,41.70640161048889
43.545778599973914,44.90591676157832
42.126625296311374,51.57582563282967
49.33146253538131,58.374487974038125
58.835389341540335,76.55677966999292
91.85694506009817,116.49414319303987
124.95041805310248,125.85393449083803
112.77258675854681,130.2911123480749
124.83112975841044,131.12179659458158
127.75563717652796,134.71201431728838
131.3830534894657,126.30118433687686
119.34056968680856,123.04775229711531
121.04398823667525,111.23001298669813
104.43343328500747,98.64834223975181
85.74140653829097,89.2727987234044
83.96096644140243,81.72764855642556
73.02564029083251,76.79598827425957
69.70077251177311,71.61290645262002
63.786040166130064,69.19929578881025
62.28552247032404,72.85340118736029
72.61845416915894,81.52672199647427
88.12629964967489,81.70292774573326
85.03621637070417,77.84977377431154
72.9369415164566,72.56675535176515
67.80534784058332,79.1002423058176
83.58314192541599,79.61311937342406
79.4687551358676,84.68383496813297
86.09893434776306,81.80005338521003
79.13556892815828,75.2799169931531
72.73872961090565,52.77123062009096
47.01895017602443,43.75842753119945
36.90831616895556,47.50556251086831
42.78552789773702,57.133716356587406
69.70847707415103,51.43943682117224
53.55991898244858,55.488665885922906
59.31438439225197,77.68492021618128
86.16920236432551,136.17412356580255
162.09534119173048,152.70246842922208
149.84886706173896,140.81136723891257
125.3410393656635,137.36621197972772
133.5090552473831,139.96291434542178
149.36757268069266,140.37840694840907
141.31260921349048,144.28218832151887
145.1332294664335,140.20606551871774
137.65465153375146,139.21126205518243
139.23216068063257,134.71059378859994
135.5631999227476,140.93432723911283
143.04833877182958,144.59301925995348
144.86190848694324,149.785135884819
149.27516608567237,151.35545811960696
149.97578768853663,147.1157578268194
146.86005062452315,148.2739582046604
149.69300617250917,147.3280546354675
148.55009453563687,153.33597607074736
156.54857392990587,160.73327087034224
162.55354596240042,159.96750960024832
159.70691481619357,160.03651358704565
159.478895884943,160.14438949871538
160.22148327600954,157.9792148564577
157.568140338459,149.24357737992284
146.74963461494443,149.51386305884358
148.62207200197696,146.19107791930196
147.2375139891481,138.0169585795736
133.54805959442137,132.426817039237
137.83652735938549,128.27339580670355
126.18189604218482,123.24595216428754
126.6416176485729,122.8411255648422
120.00370377835272,119.63536550479411
117.09807253806113,113.90135330042837
111.80508633793829,112.46921961491583
109.55238064404008,106.07715351482389
102.29827032088755,104.44057204358576
105.49846864996908,104.97222296279905
103.67239105937003,109.2028342796564
111.24580733957289,113.2223044722223
115.17899847188471,86.59953226907969
77.54506435145377,35.19483052488803
18.46638373045921,25.46139654290974
5.826134232683181,13.852249230090974
3.5349177652740473,5.63943666017428
6.674171802108288,4.873608050399422
-9.336360258431434,4.952902970001846
2.5283708633017534,3.5660997995425756
-2.4247267617619035,1.6351875867466252
-10.814122408870457,23.52982513482928
29.01501608952403,24.083623661284445
20.18912086856961,22.359005526499747
19.305240531316397,38.02476744941115
39.54946121927261,48.009576322145456
49.672582034664146,39.06496462948799
37.35768476964831,45.13724624697566
43.882055661418434,54.249748178794384
54.58793633286,32.68385345402717
21.649273880542513,24.898843105533714
22.97328185802698,17.505663926662205
17.02111316417336,10.096959001241029
12.937871165159343,7.855558097355366
-4.660864636952876,5.696486160707771
0.40626653049349787,6.789531070947051
9.870022771676183,7.490685372069478
1.709410492866635,10.696800564289688
13.689937274667022,12.064886313042342
14.129395280082223,10.664016297053992
8.92233827483207,5.654913877009749
3.044760504097789,3.123601351103037
1.8549684109126028,3.701444658045768
2.827138970064073,6.332033178827316
7.3766932116135955,7.704962494016289
9.100173719609678,7.25511386297226
6.643528109087944,10.353496099269986
10.950944282150267,21.282983636162875
26.844213505216835,40.623010727580784
43.623687977426044,42.15585147023796
39.92551007439852,32.29349096660852
24.835467060785888,21.894632591535448
13.72669044488549,14.077848447219727
8.595600876120924,9.615338079172075
3.3688182349467275,3.9843104427242273
0.7158635351097583,2.1917949114856867
2.694778877083659,1.2339142840688675
0.7351249410545826,1.6703456717852874
-1.8125691848886012,3.584741228983551
2.702790418118834,6.878322390359342
7.992751223190725,8.595825843323171
10.045117980498672,2.8035804272168128
1.0917280525615811,6.141876453434377
7.55617565707922,71.00822470892906
70.83435440514087,126.176767692852
132.03682172236918,129.92803484601495
133.8776824420309,81.8253520380807
61.61209556497812,52.92978810615301
39.222850975936645,41.971525834535356
41.71228536808609,29.444118079649208
27.221535418891904,21.941048065470454
22.424289654273984,36.786523891490695
40.09859788357019,73.07836838960647
94.5141944515419,74.4545898251748
85.62511579989909,71.29116874306916
74.33882275625706,38.702121875813006
18.66132119699955,8.362795936932265
-8.7301345926702,1.1841366226283834
-9.57072943445444,1.6136674799953026
3.105845871095657,12.726958770063517
29.59211489798307,43.671868578640215
54.77019738661289,43.19005955690383
45.722482999446385,45.87230664175033
47.95021507669925,98.01134346839905
117.08357833008765,79.91749172167778
77.4181437246561,104.91052627188205
123.19259806982039,128.07473848114012
130.80487423651692,124.63232797230242
123.71644811962602,133.60288237109182
141.4434423133707,103.47538299169062
82.04006856085061,83.55545365437031
63.73594847229481,76.61266182399034
75.49101598311901,52.975576079597474
42.3456034051466,29.722966055431364
33.676923391027444,18.427988826343416
-0.7385200838637351,12.096095809862316
9.797547217416763,12.752550858415363
10.78140177551031,6.150278865578472
-3.3414703681111333,1.5218652492064608
-2.091579678783417,1.800062776338644
-6.738396872566938,0.963320638967622
-2.5235799085843564,0.4811852407957893
0.05808351249933241,0.4658961941651255
-1.4040840469117462,0.6166611577422637
-0.01474002614483238,3.0844497220251705
5.4142930204400415,8.081107656171918
9.923057849107384,57.901343575382235
66.01287538416862,55.26668420159817
54.60798625261069,61.33385853691578
67.426566273489,58.21621338987589
54.46315853747368,51.60714347505808
52.29373434752941,64.50836696581841
67.09387363930702,124.04218257091044
131.73458618633745,167.94087693651673
189.84459866398808,151.67134517710207
145.4722181726837,134.49096560731408
129.46726590067863,56.88621932857514
32.1072572478795,22.974578993333576
15.56607947274923,36.56035586096763
22.300035528361793,96.44945411790133
121.1504797347927,77.08266420580148
88.26885211123466,76.11721632876396
55.32154309340477,63.17159529730081
53.21003554346085,142.4761305547237
177.37731659159658,141.82235028344152
136.85682002275942,139.87621394191262
138.00478777869222,148.67310268935202
142.2780269945812,147.4442009133148
146.74158093958377,147.7825154703569
155.87970957009313,151.05123625108718
155.27817586243629,144.7027611203241
131.18275894439697,107.74747856160162
99.51785025761603,94.9282605066514
93.04410375793934,117.97977543356417
122.87454410415647,94.78835046921968
87.19233815216779,56.752737785377505
35.515538953058716,51.784155795691014
25.910273074872492,62.09432893956423
65.42826763698578,103.3663513956642
122.78713343630312,128.34282113675593
119.89150608872411,119.495768465209
114.45403526725768,133.8957640868616
136.0829930389261,136.80639125432012
139.5890986095476,128.84159524369716
122.67612754616735,131.49025525192735
132.1560859403038,125.99938218247888
130.30136904674052,125.50627815191267
124.72042482774256,116.05711393053053
114.30748004477499,109.23590370598791
104.66134387084959,118.53996934871195
120.90352443382261,112.13070040543555
108.39676851762293,106.59983584189413
105.70389154437063,108.97553765112875
105.18220840273379,98.27467698361158
90.84540223095894,91.54146730747938
90.20479796518087,75.40825212944985
67.20992361012459,69.52014265833616
61.88716649943829,63.967151554715635
60.924770351405144,60.10955542154789
50.98307994163513,57.387039959898
56.6048884371829,60.36696605443239
57.818724182257654,72.4434221618247
80.3878251589036,69.05712855536937
66.55409079527139,54.88007768833876
50.234690052027695,51.79258266079187
52.99687197154522,48.42849986306667
49.718300787431,33.21182965813755
30.074694375957247,19.233946242968436
23.880105840314624,7.403504185810387
0.27103340319275854,1.8163975395579262
5.257128224315642,1.3970913098633289
-2.7246268523228165,0.9657902935511432
1.7248993718814847,2.3057667571774867
0.7902140668541192,4.426622672493011
5.427642077638208,4.984767053664475
5.566096223644018,5.125448299732655
6.287332045261263,5.8965493431855736
6.645154795011878,6.138395104789584
6.931419916880131,5.011555455901175
5.052526949261426,3.380620172380283
2.5352096029105033,1.157619177962616
-0.3124532699722051,4.0482541722683605
3.25616797751829,1.8968614045435932
1.1263052858272193,0.8829719380033388
1.1066394655974208,0.92644647363808
0.9106497695174813,0.9264434640434012
0.5347553442185372,0.7263111079129018
0.5856253944776207,0.6062463142812531
-0.0006257794995606029,0.6600816382350773
0.7811982146696187,0.5408443890902865
0.017534020742960264,0.8736798144323006
0.7516257022303715,2.698434406020492
3.2973403613233563,14.052382761844395
15.717112972114084,23.22720136108398
27.289687690395112,20.614936381305455
19.410838179814217,21.16931726433098
20.079908696862457,20.201263078301547
18.73657310235023,21.640860558617707
22.639651735102532,22.50641396907389
24.038982343412634,25.468390840943453
24.387022405659554,28.39017006148457
29.783684628077744,33.13826312580704
35.794329746541976,37.80194909776568
41.7630120863986,46.39879309649467
48.508428678548334,58.56944951733589
65.03502195786476,72.07028659434795
75.50747244682312,91.036902740376
100.34864284953117,120.83295545779227
136.5378270635557,96.07398310495377
89.29360706101417,102.16483693120477
104.3859779961109,107.9602930205345
114.98081064309119,112.76436454588412
107.45424773284911,107.19289453093528
106.2563086668682,107.5512289117813
107.43395102633475,102.65334230110167
98.32767594590663,101.40752660296916
102.9500762980604,98.94877201897621
97.01573945267916,96.68101233249426
94.37765516015052,96.10909303647756
98.1907755031538,97.12865342584132
94.0589210260892,96.93447437716007
97.18051476134777,96.54220380671501
95.5278078818202,95.42129832613467
94.2224443433714,95.72942664854764
95.17809899932384,97.70944500697135
98.78434582329034,98.75587505762815
99.1441007328248,98.3929420161128
98.16405030240536,95.82056319461346
94.91562020900011,95.58646488211154
95.30568775614023,98.07823471973181
99.38215967192411,100.90047009147168
102.06837340255736,103.50533447793482
104.3978478375244,104.09523911175249
104.38570111340044,106.85397805495738
108.40012722528456,105.955024162755
105.95965893856047,101.32033262593268
97.29233324204682,99.55996050636291
98.70318307399035,104.29133226264952
105.80602514939307,81.54491800590276
76.18023724133968,63.18577650742769
52.65155107809067,86.37808629260778
87.39837500388384,77.62260354876041
79.67336543970585,54.82812606499195
49.570006019223925,35.08569058345317
25.808693235270972,25.39895648210704
5.32799815981388,23.48639668361306
21.52747257429361,25.68176658928394
16.991342253609893,24.56424238832533
20.28345059458971,33.58851955693006
39.701719623671764,51.891363577342034
63.824508805315496,42.76537565176725
