date,hight,lowt,meant,sidu,fallrain,Target
2012-1-1,19.5,12.1,15.8,63,0,306595.586
2012-1-2,20,13,16,59,0,433730.0114
2012-1-3,18.7,14.2,15.8,72,0,546110.0255
2012-1-4,14.9,9.3,10.9,62,0,581355.2112
2012-1-5,9.2,5.1,6.9,78,2.9,591234.7981
2012-1-6,11,6.3,8.2,92,3.3,585933.9079
2012-1-7,12.4,9.4,10.5,80,0,569117.5756
2012-1-8,16.6,9.9,12.2,75,0,516896.723
2012-1-9,17.3,9.4,12.4,75,0,548819.1317
2012-1-10,17.1,9.4,13.2,73,0,551386.9834
2012-1-11,16.7,11.6,14.5,68,0.4,541350.395
2012-1-12,14.8,11.8,13.1,72,1.8,531319.1893
2012-1-13,16.1,11.4,13.3,88,1,509604.5789
2012-1-14,19.2,13.9,15.8,90,2.2,466885.0935
2012-1-15,16.5,13.2,15,99,14.4,417195.1123
2012-1-16,15.3,12,13.4,90,9.5,406676.6261
2012-1-17,17.7,10.8,13.5,74,0,379858.6116
2012-1-18,24.1,13,16.9,74,0,338332.4332
2012-1-19,23.6,16.5,19.2,85,0,299096.7588
2012-1-20,18.5,15.5,16.4,86,0,256524.5339
2012-1-21,16.1,13.8,14.7,90,0,211083.6236
2012-1-22,13.6,7.4,9.7,93,2.5,184195.1711
2012-1-23,8.9,5.2,7,87,7.5,170880.0583
2012-1-24,8,6,6.7,90,1.9,177393.8077
2012-1-25,7.3,4.5,6.1,77,1.3,194357.115
2012-1-26,7.7,4.5,6.1,86,0.8,217649.2653
2012-1-27,11.4,7,8.7,93,0,224845.3996
2012-1-28,20.2,10.6,13.8,90,0.1,245128.5361
2012-1-29,15.4,10.9,12.8,82,0,265558.5017
2012-1-30,17.9,11.8,13.8,67,0,326358.9406
2012-1-31,17.5,11.1,13.7,57,0,373947.4573
2012-2-1,18,6.5,12,67,0,420499.6089
2012-2-2,15,10.2,12.6,68,0,456526.5826
2012-2-3,10.3,7.1,8.6,76,1.7,482014.8668
2012-2-4,15,8.2,10.7,75,0,476324.1351
2012-2-5,18.9,12.1,14.8,79,0.1,429846.7752
2012-2-6,25.6,14.9,18.5,81,0,464888.7667
2012-2-7,20.5,9.6,12.6,69,11,515061.7625
2012-2-8,11.1,6.8,9,59,0.2,538299.5872
2012-2-9,12.4,5,7.9,61,0.1,545467.2671
2012-2-10,10.8,6.3,9,79,0.1,559435.8398
2012-2-11,9.8,5.2,7,72,0,545443.2395
2012-2-12,13.1,6.6,9.2,79,0,479908.0498
2012-2-13,26.6,10.2,16.6,71,0,544931.2765
2012-2-14,25.2,17,20.2,78,0,568043.4632
2012-2-15,27.5,19.5,22.1,80,0.1,577969.1243
2012-2-16,21.1,10.4,13.9,64,0,578373.0254
2012-2-17,14.6,8.9,10.5,57,0,583104.9183
2012-2-18,15.9,8,10.6,52,0,564016.0351
2012-2-19,16.3,8.1,11.5,47,0,494408.8073
2012-2-20,18.6,8.7,13.8,59,0,569015.8572
2012-2-21,24,14.8,18.2,66,0,593434.7433
2012-2-22,21.8,17.4,19.3,89,11.8,599951.7864
2012-2-23,26.4,19.7,22.1,86,0,602974.3296
2012-2-24,24.2,15.3,20.8,88,7,605699.0892
2012-2-25,15.6,9.6,12.7,83,12.9,580120.6501
2012-2-26,9.8,6.9,8.2,75,2.4,505325.3207
2012-2-27,7,5.3,6,82,1.4,586919.8529
2012-2-28,12.8,5.2,8.2,81,32.1,607814.6433
2012-2-29,13.1,9.2,11,86,7,598766.4189
2012-3-1,17.4,12.1,13.9,87,0,587180.8814
2012-3-2,26.1,15.1,19.1,79,0,605129.86
2012-3-3,19.7,13.1,15.8,79,0,587030.0964
2012-3-4,22,15.3,17.7,87,1.4,507314.3327
2012-3-5,23.2,18.6,20.4,88,0.1,593432.8027
2012-3-6,21.9,18.7,20,90,1.4,630838.6558
2012-3-7,22,12.8,16.5,91,31,629351.1981
2012-3-8,13.1,11.1,11.9,91,18.5,615536.4408
2012-3-9,11.2,9.2,10.3,79,1.7,619568.4566
2012-3-10,12.1,7.4,9.6,70,0.7,594479.5325
2012-3-11,11,8.2,9.3,82,8.1,524287.2003
2012-3-12,12.5,9.1,10.7,85,4.6,600805.6548
2012-3-13,13,10.7,11.5,87,2,626518.3098
2012-3-14,17.3,11.3,13.6,85,0.5,626076.4757
2012-3-15,23.6,14.4,17.5,84,0.8,618822.1644
2012-3-16,25.8,17.7,20.3,85,0,625578.7824
2012-3-17,28.4,19.4,22.8,80,0,611286.7326
2012-3-18,30,20,24.3,75,0,536615.4361
2012-3-19,27.4,19.8,23.3,78,0,613053.5055
2012-3-20,25.6,19,21.9,74,0,634181.1179
2012-3-21,54.9,19,21.3,79,0,631828.9011
2012-3-22,27.6,18.6,22.3,68,0,633154.6849
2012-3-23,24.4,12.1,19.1,74,0.4,631196.1672
2012-3-24,20.9,11.3,15,46,0.2,595362.1062
2012-3-25,24.3,10.4,16.9,48,0,520627.7392
2012-3-26,25.8,9.9,17.1,53,0,593833.6585
2012-3-27,54.9,10.9,18.3,48,0,622808.9177
2012-3-28,28.1,13.8,20.2,53,0,628707.0744
2012-3-29,27.5,17.3,21.8,57,0,630800.1211
2012-3-30,25.5,18.3,22,69,0,628385.3288
2012-3-31,23.2,18.3,21,61,5.9,585920.6878
2012-4-1,26,17.1,21.1,60,0,531687.4456
2012-4-2,26,18.8,21.7,70,0,589470.3534
2012-4-3,28.2,21.4,24.3,77,0,577405.2394
2012-4-4,27,21.6,23.8,70,0,376579.8366
2012-4-5,22.9,19.8,21.1,88,30.7,546206.9514
2012-4-6,20.5,19.1,19.9,96,26.2,615666.8075
2012-4-7,21.7,17.3,19.2,88,2.4,601560.7572
2012-4-8,20.1,17.2,19,90,8.7,534777.5843
2012-4-9,26.7,17.9,21.1,90,10.7,605692.9403
2012-4-10,29.1,21.2,24.3,81,0,642960.9532
2012-4-11,30.5,22,24.8,81,0,658615.8571
2012-4-12,28.8,22,25.2,81,0,671566.4029
2012-4-13,28.7,21.3,24.6,87,71.4,674561.5725
2012-4-14,29.4,21.9,25,89,1.1,651922.0768
2012-4-15,28.7,24.7,26.1,84,0,568243.0498
2012-4-16,29,22.9,25.3,90,4.7,658683.4087
2012-4-17,23.2,20.5,22.3,91,17.5,652691.152
2012-4-18,23.1,20.6,21.3,90,3.4,645452.2465
2012-4-19,22.6,20.7,21.7,96,36.3,645282.16
2012-4-20,21.9,20.7,21.2,97,40.2,639826.7247
2012-4-21,28.5,19.9,23.1,81,0,623527.0877
2012-4-22,30.5,21,24.7,69,0,554364.4491
2012-4-23,27.9,22.6,24.5,79,1.7,639950.3883
2012-4-24,28.4,22.7,26.1,85,3.7,683751.198
2012-4-25,29.3,23.5,26.9,87,10.2,702421.7076
2012-4-26,28,20.8,24.1,75,4.1,677476.2443
2012-4-27,25.6,20.3,22.7,86,49.3,661913.8068
2012-4-28,27.2,20.5,23.1,90,19.9,640627.7629
2012-4-29,29.8,22.2,26.1,87,16.6,594271.3286
2012-4-30,30.8,26.5,27.9,84,0,519058.8737
2012-5-1,31,26.8,28.5,83,0,375455.6298
2012-5-2,32.3,26.8,28.9,82,0,617809.3421
2012-5-3,30.1,23.7,26.9,89,76.6,712075.59
2012-5-4,32.5,24.1,27.2,86,4.9,729746.6362
2012-5-5,28.3,23.1,25.6,90,83.5,683837.7388
2012-5-6,30.7,23.6,25.8,85,0.7,599372.8041
2012-5-7,30.5,23.7,26.5,81,0,694160.0253
2012-5-8,31.5,24.9,27.9,80,0,749042.3089
2012-5-9,34,25.5,29.2,77,0,780198.8921
2012-5-10,33.6,23.8,29,78,19.4,786797.5275
2012-5-11,29.2,24.8,26.1,89,13.1,756029.8029
2012-5-12,30.6,23.7,26.6,80,0,712956.4548
2012-5-13,29.6,24.7,26.5,86,24.8,613991.4693
2012-5-14,32.1,24.2,27.6,81,0,730249.6746
2012-5-15,32.5,25.5,28.1,82,4.4,763878.4315
2012-5-16,31.2,23.7,26.4,88,39.7,751334.7924
2012-5-17,29.5,25.1,26.8,87,0.2,754220.6246
2012-5-18,27.4,24.7,25.7,92,3.6,734915.1074
2012-5-19,31,23.5,25.8,89,8,699906.9319
2012-5-20,32.5,24.8,27.3,86,4,618710.037
2012-5-21,28.6,24.4,26.3,79,2.2,697491.6824
2012-5-22,29.1,23.1,26.1,65,0,715239.8697
2012-5-23,31,23,26.6,64,0,728518.7869
2012-5-24,31.5,23.7,27.4,63,0,747066.1836
2012-5-25,32,25.1,27.9,75,0,764186.9547
2012-5-26,29,26,27,82,0.5,724424.9651
2012-5-27,31.3,25,26.8,85,17.9,620664.6072
2012-5-28,26.8,25.1,25.8,94,1.5,699706.1216
2012-5-29,29.2,24.5,26.5,78,0.1,716731.3562
2012-5-30,31,24.5,27.1,78,16.8,732453.1265
2012-5-31,28.8,24.1,25.8,86,13.7,704377.0076
2012-6-1,30,23.5,26.2,74,0,692227.8633
2012-6-2,30.6,24.5,26.7,78,0.1,680873.3556
2012-6-3,28.3,24.6,26.2,80,0,579167.4892
2012-6-4,31,24.7,27.2,78,0,701671.856
2012-6-5,32.2,25,28.2,74,0,752634.8699
2012-6-6,32.9,25.5,28.8,72,0,774687.1494
2012-6-7,33.4,25.8,29.1,73,0,790914.6474
2012-6-8,33,26.3,29,76,0,797247.6481
2012-6-9,33.1,26.6,29.3,81,0,773915.388
2012-6-10,32,26.6,28.9,82,23,665959.3983
2012-6-11,31.3,26.6,28.8,83,11.2,766530.4764
2012-6-12,31.7,25.5,27.9,86,9.8,775751.392
2012-6-13,30.4,24.9,26.6,89,0.3,756857.5177
2012-6-14,32.2,24.2,27.4,79,0,759339.7095
2012-6-15,32.6,24.2,27.9,80,26.3,771666.6851
2012-6-16,29.2,24.8,26.8,87,2.2,728392.998
2012-6-17,30.4,24.5,26.6,88,8.5,615091.3136
2012-6-18,31.6,25,27.9,80,1.8,732166.2522
2012-6-19,33,26.2,29.1,73,0,781340.4819
2012-6-20,35.1,26.8,30.1,70,0.1,807380.8253
2012-6-21,30,24.5,27.2,88,64.9,788453.0654
2012-6-22,29.2,25,26.3,93,34.8,707558.2674
2012-6-23,29.1,25.8,27.2,89,8.2,436067.1441
2012-6-24,29,24.6,26.7,91,48.5,497848.1906
2012-6-25,30.1,26.3,28,84,2.9,691213.4521
2012-6-26,30.2,27.3,28.2,84,0.6,748550.1975
2012-6-27,31.8,27,29.1,75,0,770939.5878
2012-6-28,33.9,25.9,28.8,76,0,785454.5211
2012-6-29,35,25.9,29.7,74,0.1,783152.9341
2012-6-30,30.8,24.8,26.9,84,21.6,693498.907
2012-7-1,31.6,24.6,27.6,80,0.3,586846.6836
2012-7-2,32.2,26,28.7,74,0,736154.8462
2012-7-3,32,25,28.5,75,0,785507.9978
2012-7-4,33.4,25.2,28.5,77,8.6,804510.1558
2012-7-5,30.8,25.6,27.7,84,2.6,797650.4724
2012-7-6,31.4,25.9,27.8,84,0.5,785821.3207
2012-7-7,30.9,25.5,27.8,83,0.1,744947.6749
2012-7-8,30.9,25.5,27.8,82,6.7,638566.902
2012-7-9,32.9,25.8,29,76,0,767266.1643
2012-7-10,32.5,26.2,29.2,76,0,814759.1483
2012-7-11,33.1,26.8,29.5,76,0,828314.4356
2012-7-12,32.7,26.5,29.5,74,0,827724.9713
2012-7-13,31.9,26.6,28.6,81,8.1,828713.5825
2012-7-14,33.4,26.5,29.4,78,0,789588.6667
2012-7-15,33.2,27.5,30,77,0,686199.3994
2012-7-16,32.2,27.2,29.7,80,0,810083.3701
2012-7-17,32.6,27.9,29.7,77,0,837755.1378
2012-7-18,32.5,25.2,29.1,81,2.6,831382.7837
2012-7-19,34.6,25.8,30,76,1.3,842507.4108
2012-7-20,34.4,27.5,29.9,77,0,847606.0027
2012-7-21,36.4,27.8,31.6,67,0,813388.763
2012-7-22,33.8,25.4,28.7,81,18,684457.5864
2012-7-23,29.5,26.1,27.7,78,0.5,754218.564
2012-7-24,27.7,24.6,25.8,93,67.6,727201.9265
2012-7-25,27.5,23.7,25.2,96,57.2,717388.405
2012-7-26,25.7,23.6,24.5,98,3.9,701581.7324
2012-7-27,27.4,24.1,25.2,94,5.3,698813.5418
2012-7-28,30.9,24.7,26.5,90,0.3,679394.8162
2012-7-29,33,25.1,28.3,81,0,603641.1699
2012-7-30,34.3,25.5,29.3,75,0,751344.0414
2012-7-31,35.8,26.2,30.3,72,0,789516.7445
2012-8-1,36,23.1,30.3,71,26.5,794412.6921
2012-8-2,35.6,27.8,31.9,61,0,841718.7238
2012-8-3,33.9,28,30.9,63,0,849802.5783
2012-8-4,31.3,27.8,29.5,75,0,793555.8676
2012-8-5,31,26.2,28.5,82,1.8,651054.2872
2012-8-6,30.8,24.7,26.9,87,12.3,755749.9234
2012-8-7,34.5,25.8,29.4,79,0.1,818471.6815
2012-8-8,35.1,27.3,31,67,0,842567.9585
2012-8-9,34.2,26.7,29.8,75,0.2,847045.0734
2012-8-10,33.2,26.8,29.6,79,0,835794.5076
2012-8-11,32.9,25.8,28.6,82,0.7,773195.0642
2012-8-12,31,24.7,27.6,86,3,642359.2756
2012-8-13,30.3,24.3,26.4,94,40.7,739695.5794
2012-8-14,32.9,25.3,28.1,86,0.3,780334.1593
2012-8-15,34.9,25.8,30,75,0,810027.8067
2012-8-16,33.6,26.6,29.6,77,0.7,813043.372
2012-8-17,31.3,25.4,27.7,82,5.1,786128.0034
2012-8-18,30.7,26.6,27.7,87,0,736482.6136
2012-8-19,34,25.8,28.9,82,0,637141.0195
2012-8-20,33.9,26.5,29.4,78,0,770485.1035
2012-8-21,33.6,26.2,29.4,76,0,806598.3972
2012-8-22,31.1,24.2,26.1,92,10.5,771039.0918
2012-8-23,33.4,24.8,28.2,79,0.4,774475.9305
2012-8-24,32.7,26.1,29.2,69,0,791369.3584
2012-8-25,32.8,25.9,29,65,0,752750.8327
2012-8-26,32.5,27.2,30,62,0,656026.082
2012-8-27,35,26.2,30.7,57,0,780415.9237
2012-8-28,35.8,27.8,31.4,60,0,834218.9111
2012-8-29,33.4,27,29.5,79,3.2,835141.4663
2012-8-30,33.3,24.5,28.9,84,49,821668.9776
2012-8-31,32.2,25.9,28.5,83,5,789717.1692
2012-9-1,32.1,25.5,27.8,80,1.7,715373.6301
2012-9-2,33.2,26,28.8,72,0,618386.4681
2012-9-3,32.3,25.8,28.2,76,0,752003.7371
2012-9-4,32.4,25,28,79,8.2,780995.2323
2012-9-5,32.2,24.8,27.4,82,1.1,774408.3524
2012-9-6,32.4,25.9,28.5,75,0.9,792935.0794
2012-9-7,30.5,26.8,28.2,83,0.1,794736.649
2012-9-8,33.5,25.5,28.8,79,0,762074.4402
2012-9-9,33.3,26.5,28.9,81,0.4,671250.1477
2012-9-10,33.8,26.2,29.1,78,0,779399.274
2012-9-11,33.7,26.4,29.8,72,0,814800.3299
2012-9-12,32.4,25.5,28,80,17.3,808613.1795
2012-9-13,33.4,25.4,28.1,79,0,799840.0657
2012-9-14,28.3,23.3,25.1,64,8,718681.4499
2012-9-15,29,22.1,25,60,0,666667.0062
2012-9-16,29.9,21.3,25.8,57,0,569338.3813
2012-9-17,29.6,22.3,26.1,44,0,670198.3451
2012-9-18,30,23.9,26.7,48,0,711657.6482
2012-9-19,29.9,25,27,60,0,728158.0498
2012-9-20,30.1,24.2,26.7,71,0,734226.4456
2012-9-21,32.2,25,28.1,68,0,756557.4338
2012-9-22,33.6,25.8,28.7,70,0,750699.2421
2012-9-23,32.6,26,28.7,78,0,678998.9958
2012-9-24,33,24.5,27.6,87,74.2,761220.4078
2012-9-25,27.4,24.2,25.4,92,5.9,739321.329
2012-9-26,30,24.4,26.6,82,0,740696.5637
2012-9-27,31.6,24.4,27.7,63,0,740450.022
2012-9-28,30.4,24.9,27.6,52,0,706958.2116
2012-9-29,29.9,23.7,26.8,53,0,599861.9101
2012-9-30,28.8,21.8,25.5,46,0,328270.712
2012-10-1,28.8,22.2,25.1,49,0,277691.8841
2012-10-2,29.7,21.9,25.5,62,0,320709.8111
2012-10-3,30.6,21.9,25.5,69,0,389066.8769
2012-10-4,29.9,22.5,25.8,70,0,528679.7922
2012-10-5,30.3,22.7,26,68,0,619450.0253
2012-10-6,30.1,22.8,26.4,67,0,645970.9679
2012-10-7,30.2,24.1,26.8,64,0,604604.1223
2012-10-8,30.5,24,27.2,63,0,698341.2155
2012-10-9,30.8,22.9,26.9,64,0,723709.6733
2012-10-10,29.4,23.6,26.7,49,0,710527.3546
2012-10-11,29,21.6,25.5,48,0,700166.4036
2012-10-12,29.7,21.6,25.4,59,0,702771.7431
2012-10-13,29.7,21.6,25.2,71,0,676768.662
2012-10-14,30.6,22.6,26,74,0,580960.9169
2012-10-15,30.2,23.5,26.3,76,0,690905.3316
2012-10-16,30.4,23.6,26.3,73,0,716648.7661
2012-10-17,28.1,23.8,25.6,71,0,709090.9337
2012-10-18,25.7,20.5,23.2,47,0,669958.1874
2012-10-19,29.4,20.9,24.7,66,0,683409.8247
2012-10-20,29.8,20.9,24.9,67,0,659269.1004
2012-10-21,30.1,21.6,25,65,0,560042.9963
2012-10-22,30.4,20.9,25.2,66,0,667003.7916
2012-10-23,30.5,22.4,26,70,0,703035.8572
2012-10-24,30,22.4,25.8,67,0,705203.7514
2012-10-25,30.2,22.4,25.6,72,0,710691.2731
2012-10-26,27.3,21.8,24.6,74,3.6,696331.8153
2012-10-27,27.8,22,24.5,80,0.9,659510.9043
2012-10-28,30.8,22.7,26,68,0,564491.1581
2012-10-29,27.9,24.1,25.7,73,0,663734.4213
2012-10-30,26.1,20.7,23,93,14.9,666308.9466
2012-10-31,24,16.8,20,69,9.2,614786.4643
2012-11-1,23.3,15.5,19.6,53,0,603943.3953
2012-11-2,25.7,16,20.6,63,0,628311.0502
2012-11-3,28.4,19.6,22.7,69,0,612117.4798
2012-11-4,26,20.6,23.2,64,0,509306.8913
2012-11-5,25,18.9,22,56,0.2,614536.8125
2012-11-6,26.7,19.5,23,50,0,651710.0996
2012-11-7,25.8,20.1,22.9,66,0,660046.2762
2012-11-8,26.8,20.8,23.4,73,0,667831.6815
2012-11-9,29.1,22.3,25.1,78,0,681092.6817
2012-11-10,30.1,22.4,25.8,78,0,658843.8987
2012-11-11,25.6,17.1,19.8,80,26.8,517119.9977
2012-11-12,20.6,17,18.5,68,0,607638.8972
2012-11-13,26.5,17.7,21.7,71,0,646797.49
2012-11-14,26.7,20.3,22.7,80,0,654121.6138
2012-11-15,27.3,19.9,23.2,69,0,654400.2606
2012-11-16,25.5,21.8,23.5,74,0.2,653220.5686
2012-11-17,24.2,16.5,19.3,78,10.5,602957.4494
2012-11-18,19.9,17.1,18.4,68,0,498220.9239
2012-11-19,25.7,17.7,21.2,72,0,607023.8018
2012-11-20,22.4,19.3,20.8,80,0.7,637985.4648
2012-11-21,24.1,19.9,21.8,87,0.2,646958.1236
2012-11-22,28.5,21.8,24.6,87,0.1,665371.1857
2012-11-23,25.7,18.9,22.2,80,16.5,647118.3203
2012-11-24,18.9,13.5,15.3,89,19.8,600883.1935
2012-11-25,21.3,16,18.6,94,0.4,505054.2599
2012-11-26,20.8,13.6,17.7,97,5.9,601576.9196
2012-11-27,13,10.8,11.9,96,22.2,625982.4546
2012-11-28,15.7,12.8,14.4,96,1.4,629830.5673
2012-11-29,19.4,15.7,17,95,34.8,627428.1013
2012-11-30,18.4,16.8,17.6,99,19.4,613350.4966
2012-12-1,18.6,16.3,17.1,97,0.3,567020.1544
2012-12-2,18,13.8,15.7,92,10,475276.5078
2012-12-3,16.1,12.8,14,94,3,587898.8354
2012-12-4,15.1,11.9,13.2,85,3,628891.8088
2012-12-5,15.3,13.2,14,88,9.6,632605.0524
2012-12-6,17.6,11.3,14.7,65,0.1,632195.1894
2012-12-7,21.9,14.5,17.8,65,0,626087.6414
2012-12-8,21.7,16.7,19,65,0,598736.137
2012-12-9,22,14.8,18.4,63,0,498713.7732
2012-12-10,21.6,15.7,18.1,71,0,594376.3714
2012-12-11,18.9,14.9,16.6,74,0,625124.7724
2012-12-12,17.7,12.6,14.7,71,0,626366.6658
2012-12-13,22.8,14.9,17.6,71,0,625820.9645
2012-12-14,26.2,16.4,20.5,77,0,630718.6516
2012-12-15,27.2,18.8,22.1,83,0,607668.4917
2012-12-16,28.2,20.2,23.1,83,0,509802.7243
2012-12-17,24.2,20.6,21.7,87,2.9,606084.9818
2012-12-18,21,12.7,16.2,82,3.8,632241.6889
2012-12-19,13.8,9.5,11.6,70,0,629427.6444
2012-12-20,20.3,13.2,15.9,80,0,633192.1856
2012-12-21,24.5,17.8,20.1,85,0,627723.4825
2012-12-22,17.8,12,14.5,80,0,606552.6079
2012-12-23,14,9.1,11.2,56,0,523481.0783
2012-12-24,14.9,5.8,9.7,59,0,608322.8222
2012-12-25,18.5,9.5,13.6,66,0,624656.041
2012-12-26,20.3,15.1,17.4,65,0,627438.0502
2012-12-27,18.1,14,15.2,85,0.7,628788.6214
2012-12-28,22.6,14.3,17.6,77,0,617506.9879
2012-12-29,22.3,10.2,18.3,80,0.4,589388.6755
2012-12-30,11.9,6.8,8.8,61,3,525648.092
2012-12-31,12.5,4.1,8.3,28,0,449472.2081
2013-1-1,13.2,8.3,10.7,46,0,306132.3203
2013-1-2,19.1,11.9,14.5,49,0,489368.5994
2013-1-3,16.8,11.9,14.9,64,0,593443.9592
2013-1-4,11.9,6.9,8.6,75,0,631328.0471
2013-1-5,11.8,6.1,8.8,77,0,618985.092
2013-1-6,13.2,8.7,10.5,73,0,554283.2665
2013-1-7,16.8,9.3,11.9,71,0,612758.1623
2013-1-8,18.5,11.9,14.4,68,0,631017.5121
2013-1-9,15.4,11.3,13.1,63,0,635588.6069
2013-1-10,15.2,9.7,12.1,56,0,637868.9973
2013-1-11,17.2,12.3,14.1,58,0,631716.2933
2013-1-12,18.5,10.4,14,68,0,608153.5034
2013-1-13,19.5,11.6,15.1,68,0,524083.3509
2013-1-14,19,9.4,13.9,60,0,599648.9456
2013-1-15,18.3,10,14,73,0,619923.324
2013-1-16,22.5,11.8,16.2,70,0,617823.0917
2013-1-17,19.4,13.1,16,69,0,620644.537
2013-1-18,16.1,11.5,13.5,58,0,619735.6302
2013-1-19,19.1,8.6,13.3,63,0,597184.2012
2013-1-20,20.7,13.4,16.7,70,0,525661.0696
2013-1-21,24.3,17.1,20.1,76,0,587900.297
2013-1-22,25.3,16.9,20.5,80,0,604350.6375
2013-1-23,21.5,16.3,18.6,72,0,596546.4917
2013-1-24,23.6,15.3,19,75,0,593043.4238
2013-1-25,20.7,14.4,17.3,66,0,582488.4257
2013-1-26,19.4,14.6,17,81,3.8,557739.2851
2013-1-27,20.3,14,16,70,3.2,491855.1396
2013-1-28,20.2,12.4,16.2,67,0,536860.4806
2013-1-29,23.4,14.5,17.8,66,0,540944.1488
2013-1-30,23.6,14.8,18.3,73,0,524189.4724
2013-1-31,24.6,15.3,18.9,64,0,492239.3765
2013-2-1,26.6,16.5,21,67,0,457517.3306
2013-2-2,28.1,18,21.9,68,0,420816.1924
2013-2-3,22.8,18.9,21,71,0,372730.5455
2013-2-4,23.9,19.9,21.5,84,0,363174.5714
2013-2-5,26.6,20.4,22.3,89,2.5,340145.0959
2013-2-6,26.1,20.3,22.3,84,0,301822.0891
2013-2-7,26.4,19.4,22.1,78,0,266266.2945
2013-2-8,21.2,11.7,16,89,3.3,219859.6304
2013-2-9,13,8.3,10.5,73,0,179992.0682
2013-2-10,15.4,10.1,12.2,72,0,161613.4785
2013-2-11,21.7,14.5,16.9,73,0,165007.2662
2013-2-12,21.7,15.6,17.9,74,0,176635.5212
2013-2-13,21.6,12.3,15.5,63,0,193342.2774
2013-2-14,23.5,16.2,18.9,75,0,215819.5187
2013-2-15,23.9,16.4,20.1,77,0,241452.4577
2013-2-16,17.9,14.1,16,73,0,262442.4451
2013-2-17,21.9,16,18,76,0,286006.9644
2013-2-18,24.8,16.6,19.9,83,0,368121.6964
2013-2-19,26.5,16.5,19.8,83,0,426999.0941
2013-2-20,17,13.1,15.2,65,0,455552.7464
2013-2-21,21.5,14.4,17,64,0,480541.0535
2013-2-22,21.2,14.2,17.2,66,0,499623.0746
2013-2-23,19.7,12.7,16,62,0,494299.0632
2013-2-24,22.2,14.3,17.8,69,0,421763.5261
2013-2-25,25.6,18.8,21.6,66,0,515857.9413
2013-2-26,25.3,19.7,22.5,73,0,552091.3943
2013-2-27,26.8,20.6,22.8,83,0,568843.9691
2013-2-28,23,20.4,21.4,84,0,568029.9136
2013-3-1,23.3,18.8,20.7,88,0,578015.6239
2013-3-2,21.8,14.2,18.1,83,0.4,566172.5497
2013-3-3,15.5,11.2,12.9,63,0,482632.3082
2013-3-4,20.9,10,14.4,49,0,569562.6671
2013-3-5,24.2,13,17.9,47,0,601173.0711
2013-3-6,25.6,14.2,19.2,45,0,608521.637
2013-3-7,26.7,14.7,20.3,56,0,616033.0615
2013-3-8,28.5,16.3,21.9,53,0,617257.7511
2013-3-9,26,16.5,21.6,49,0,601167.002
2013-3-10,28.4,16.4,21.5,64,0,511038.4728
2013-3-11,26.1,18.1,21.7,68,0,604414.5591
2013-3-12,27.2,17.6,21.6,72,0,633584.8553
2013-3-13,26.7,19.6,22.7,78,0,642486.7634
2013-3-14,22.8,19.7,20.9,73,0,639930.9542
2013-3-15,23.1,18.1,20.2,73,0,634776.1884
2013-3-16,25,17.9,20.9,72,0,610660.1787
2013-3-17,25.2,18.3,21.4,74,0,516088.158
2013-3-18,26.3,21.4,23.2,84,0,622604.3844
2013-3-19,26.2,22.5,23.6,89,3.5,661595.4702
2013-3-20,25.6,19.3,22.7,90,15.7,652012.4508
2013-3-21,24.6,19.4,21.5,84,0,648588.9097
2013-3-22,27.8,19.6,22.6,78,0,658665.0921
2013-3-23,28.3,21.1,23.5,83,0,641218.9604
2013-3-24,26.8,21.7,23.5,86,1,547332.5025
2013-3-25,24.4,21.1,22.8,81,0,634644.0203
2013-3-26,21.7,18.3,20.3,86,8.5,652544.0862
2013-3-27,21.1,17.2,19.2,88,12.9,645513.2902
2013-3-28,19.6,17.4,18.4,94,38.5,646543.5213
2013-3-29,22.6,17.5,19.7,91,20.7,642732.1526
2013-3-30,21,17.7,19.1,93,53.4,616193.204
2013-3-31,20.9,18.3,19.4,94,0.3,513372.0041
2013-4-1,25.1,18.7,20.8,85,0.6,603407.8381
2013-4-2,22.8,20.2,21.1,94,8,645545.0645
2013-4-3,21,17.8,19.5,91,19.6,625448.6187
2013-4-4,22.3,18.9,20.5,88,0,385022.5192
2013-4-5,24.2,20.4,21.8,97,13.1,520914.6492
2013-4-6,23.1,16.5,19.5,78,2.5,583985.9237
2013-4-7,19.8,12.8,16.2,51,0,558978.1859
2013-4-8,18.3,16.1,17.1,69,0,624784.0249
2013-4-9,21.9,15.7,18.2,89,23,646372.4508
2013-4-10,19.4,16.5,17.8,88,3.5,651742.6264
2013-4-11,17.7,16,16.8,94,34.9,655238.9054
2013-4-12,21.5,15.3,17.5,78,4,651830.181
2013-4-13,22.9,15.8,19.3,70,0,630104.1203
2013-4-14,27.1,18.8,21.9,66,0,529708.3731
2013-4-15,29.6,18.7,23.4,68,0,630512.3811
2013-4-16,24,20.5,22.1,88,0.3,663302.2222
2013-4-17,27.1,23.1,24.5,91,2.5,681202.7707
2013-4-18,27.2,23.6,25.1,89,1.3,693920.898
2013-4-19,28.9,23.9,25.8,89,0.2,709940.4421
2013-4-20,29.9,22.2,25.4,84,1.2,682418.0742
2013-4-21,23.2,19.8,21.1,87,30.4,550487.0921
2013-4-22,22.9,18.7,20.5,86,4.5,640462.2289
2013-4-23,28.1,20.4,23,82,0.1,678195.4668
2013-4-24,29.9,22.3,25,81,0,697645.2377
2013-4-25,30.5,22.3,25.3,86,19.9,713132.873
2013-4-26,22.5,19.6,20.7,93,13.8,675452.4623
2013-4-27,25.2,19.5,21.5,81,0,655720.1625
2013-4-28,26.6,21.5,23.4,82,0,614869.2443
2013-4-29,28.2,22.8,25.1,82,0,644000.7017
2013-4-30,29.3,21.4,24.4,90,22.9,565800.8707
2013-5-1,26.7,20,22.6,84,0,335173.6208
2013-5-2,21.3,18.3,19.9,69,0.5,509380.0983
2013-5-3,20.9,18,19.3,80,0.5,620341.7478
2013-5-4,21.7,17.7,19.2,90,0.8,626591.2349
2013-5-5,26.9,19.4,22,84,0.9,561828.2519
2013-5-6,27.5,22.5,24.2,84,0,653286.5884
2013-5-7,27.9,22.1,24.7,82,0.6,693183.9893
2013-5-8,24.9,21,23.4,89,112,692171.34
2013-5-9,30.6,22.4,26,86,2.8,715844.828
2013-5-10,28.6,22.9,24.9,92,48.1,722595.0635
2013-5-11,30.4,23.1,26.1,83,0,695627.3663
2013-5-12,29.7,24.6,25.9,86,0,575861.7365
2013-5-13,31,23.8,26.5,82,0,703850.5424
2013-5-14,30.8,24.4,26.9,82,0,748469.2939
2013-5-15,31.3,26.3,28.3,82,0,769831.408
2013-5-16,29.3,23.4,27.3,87,23.9,763175.7135
2013-5-17,29.1,23.8,26.1,91,25.9,752699.1812
2013-5-18,32.4,26,28.7,87,0.5,751809.6391
2013-5-19,32.5,24,29,83,33.7,642974.4156
2013-5-20,30.7,22.9,25.9,92,48.4,742145.4418
2013-5-21,27.6,23.4,25.1,95,7.5,745419.1603
2013-5-22,26.2,23.8,24.8,97,101.4,727848.588
2013-5-23,30.5,24.4,26.5,88,0,748626.7883
2013-5-24,31.8,24.6,27.6,83,0.3,774502.6997
2013-5-25,28.8,24.4,26.4,89,5.5,725402.0784
2013-5-26,29.6,23.6,26.7,88,8.3,605496.0419
2013-5-27,32,27.3,28.9,84,0,756747.881
2013-5-28,32.5,26.7,29.4,81,0,811839.2398
2013-5-29,32.2,27.6,29.5,79,2.8,826822.1534
2013-5-30,32.9,26.7,29.4,78,0,826687.7248
2013-5-31,33.8,26.6,29.7,75,0,812676.2877
2013-6-1,33.8,26.2,29.7,74,0,757326.8499
2013-6-2,34.1,26.1,30,72,0,657787.7952
2013-6-3,35,27,29.9,72,0,800892.7935
2013-6-4,32.5,25.1,27.8,83,9.7,812329.221
2013-6-5,31.3,23.9,26.3,87,21.8,783976.1236
2013-6-6,30.8,24.6,27,84,1.1,781950.5674
2013-6-7,31.9,25.3,28.7,80,1.6,817341.0609
2013-6-8,32.2,27.3,29,81,0.2,810579.2166
2013-6-9,32.5,27.5,29.2,83,0.7,746504.8587
2013-6-10,30.9,24.4,27.5,91,15.7,774740.471
2013-6-11,26.2,21.6,23.6,91,15.4,651179.5106
2013-6-12,28.3,22.4,24.5,75,0,389404.0972
2013-6-13,27.2,22.9,24.7,76,0.2,613533.9793
2013-6-14,28.2,23.6,25.3,86,2.5,712155.6431
2013-6-15,26.8,24.7,25.6,95,13.5,698038.6361
2013-6-16,30.9,25.4,27.7,86,3.5,626232.2369
2013-6-17,32.1,26.3,28.6,82,0.4,761573.0569
2013-6-18,33.7,26.1,29.4,76,0,817728.3574
2013-6-19,35,26.7,30.1,74,0,848044.4084
2013-6-20,36.3,27.5,31.1,70,0,869885.4717
2013-6-21,35,26.8,30.1,73,3,870511.9467
2013-6-22,30.1,25.3,27.9,82,4.7,798115.6041
2013-6-23,30.1,24.9,27.1,88,16.2,663065.4165
2013-6-24,27.8,24.5,25.8,94,18.6,740066.1245
2013-6-25,31.5,26.4,28.8,83,0.9,797830.8141
2013-6-26,32.3,28,29.7,78,0,831290.3272
2013-6-27,32.4,27.9,29.8,77,0,848345.6671
2013-6-28,32.3,28.1,29.7,78,0,844531.2331
2013-6-29,32.8,28.2,29.9,76,0,797737.5683
2013-6-30,33.9,26.8,29.9,77,4.2,671432.6505
2013-7-1,32,25.2,28.1,78,22.6,771955.0486
2013-7-2,31.9,24.7,27.7,81,4.2,809576.7306
2013-7-3,32.3,26,29,76,0,840544.0977
2013-7-4,32.5,26.3,29.4,72,0,857137.4637
2013-7-5,34,26.9,29.8,71,0,863141.8591
2013-7-6,31.4,26,28.1,81,6,810201.4747
2013-7-7,31.2,25.3,27.6,84,9.3,669448.0879
2013-7-8,31.7,25.1,28.1,78,0.6,790361.6814
2013-7-9,32.7,25.7,28.9,72,0,832669.0951
2013-7-10,32.1,24.8,27.9,79,6,822238.4132
2013-7-11,33.9,25.5,29.3,73,0,843225.966
2013-7-12,34.7,26.2,30.3,71,0,867859.1719
2013-7-13,35.8,28,31.7,68,0,854544.2161
2013-7-14,32.7,28.8,30.1,76,1.1,715761.8293
2013-7-15,29,23.4,26.6,90,67.4,791433.7381
2013-7-16,27.5,24.1,25.5,93,20,780936.1455
2013-7-17,30.4,24.4,25.9,90,13.4,777881.6063
2013-7-18,32,23.9,26.9,83,0,784602.9783
2013-7-19,31.2,25.9,28.1,80,0,807697.352
2013-7-20,30.8,25.2,26.7,93,22.2,760120.1604
2013-7-21,32,25,27.5,85,0.5,636451.7142
2013-7-22,33,25,28,82,8,779022.7881
2013-7-23,30.9,25.9,27.7,86,9.7,815759.9718
2013-7-24,28.7,25,26.5,89,14.9,793135.2326
2013-7-25,28.8,24.9,25.9,92,12.9,776058.8244
2013-7-26,27.7,23.8,25.8,91,21.5,760939.1979
2013-7-27,31.5,24.9,26.8,88,15.7,736448.664
2013-7-28,31.9,24.8,27.3,85,9,627138.4956
2013-7-29,33.2,24.7,28.3,78,0,768610.9016
2013-7-30,34.1,26.3,29.7,73,0,823763.4885
2013-7-31,34,26.6,29.7,71,0,819877.3791
2013-8-1,32.2,24.6,28.3,78,7.6,803987.8322
2013-8-2,30.2,25.5,27.1,84,5.2,798489.1186
2013-8-3,30.2,25.1,26.8,91,7.6,743514.0744
2013-8-4,32.6,25.7,28.9,78,0,639403.2056
2013-8-5,34.2,25.6,29.5,72,0,801058.7125
2013-8-6,34,26,29.9,72,0,859860.9878
2013-8-7,33.2,26.8,29.2,76,0.6,868358.055
2013-8-8,33.2,26.3,29.3,72,0,858049.5716
2013-8-9,34.8,26.3,30,73,0,876624.1777
2013-8-10,34.6,27.2,29.6,81,0.4,836193.7166
2013-8-11,34.5,24.5,28.8,67,0,683122.3176
2013-8-12,35.1,27.1,30.6,66,0,836135.9799
2013-8-13,30.9,26.3,28.3,82,4.8,850719.1046
2013-8-14,27.7,24.9,25.9,91,20.5,782228.4511
2013-8-15,28.8,25.1,26.9,88,65.4,766368.1571
2013-8-16,27.8,25.1,26.5,93,236.1,751534.9024
2013-8-17,28.7,24.8,26.9,91,27,710139.0535
2013-8-18,28.1,25.3,26.2,96,12.7,602086.0045
2013-8-19,31,25.6,27.4,90,1.2,742091.734
2013-8-20,33.5,25.2,28.1,85,1.4,794189.7755
2013-8-21,33.1,25,28.5,82,0.2,804141.4623
2013-8-22,31,27.6,29.3,80,0.1,821075.6807
2013-8-23,30,24,27.3,88,37,793037.8089
2013-8-24,28.6,24.9,26.9,91,29.5,742219.1698
2013-8-25,30.2,25.6,27,91,16.1,629861.775
2013-8-26,32.8,25,28.1,85,0.1,764338.8663
2013-8-27,34.8,25.9,29.5,78,0,820413.574
2013-8-28,35.3,26,29.8,74,0,841451.3776
2013-8-29,34.7,26.9,29.9,76,0,857997.0138
2013-8-30,29.5,24.1,27.1,89,51.5,794746.349
2013-8-31,29.6,24.5,26.4,91,8.8,712486.6186
2013-9-1,31.3,24,26.8,85,0.1,583441.7314
2013-9-2,32.5,24.6,27.5,84,1.3,735313.1603
2013-9-3,28.3,24.8,25.8,92,18.7,767486.5788
2013-9-4,25.5,24.3,25,94,18.8,737251.1741
2013-9-5,28,23.4,25.2,86,0.1,734446.7476
2013-9-6,32.4,24.8,27.4,73,0,755975.9739
2013-9-7,33.5,24.4,28.1,70,0,748890.2589
2013-9-8,32.6,25.7,28.4,74,0,658557.6371
2013-9-9,33.2,26.1,28.8,75,0,789068.281
2013-9-10,33.9,25.8,29.4,70,0,831334.038
2013-9-11,33.2,26.1,29,72,1.3,842219.039
2013-9-12,32.5,25.9,28.5,77,0,843269.018
2013-9-13,32.4,26.1,27.9,81,0.3,825713.7996
2013-9-14,33.3,25.3,28.5,77,0,798297.1023
2013-9-15,33.4,26,28.9,76,0.3,710604.2352
2013-9-16,32.8,25.3,28.7,73,1,806267.7443
2013-9-17,32,25.1,28.5,63,0,818783.4043
2013-9-18,31.5,24.6,27.8,64,0,777703.1465
2013-9-19,32.7,25.3,28.6,67,4.5,476664.8732
2013-9-20,34.2,25.5,29.1,72,0,653154.378
2013-9-21,34.1,27,30.6,54,0,774680.411
2013-9-22,31.6,25.8,28.7,65,7.1,736602.2054
2013-9-23,30.2,24.5,26.7,88,69.5,746006.5653
2013-9-24,32.2,26.4,28.8,77,0,812301.0644
2013-9-25,31.4,26.1,28.2,74,0,814859.0693
2013-9-26,28.8,23.9,26.1,77,1.7,782005.4844
2013-9-27,29.6,21.7,25.1,68,0,753597.0177
2013-9-28,28.8,22.9,26,72,0,735984.5945
2013-9-29,26.7,23.7,24.9,72,0,665912.6699
2013-9-30,26.9,22.2,24.2,87,3.5,592115.2086
2013-10-1,32.2,23.9,27.2,75,0,366722.9148
2013-10-2,31.3,24.7,27.8,57,0,359014.3243
2013-10-3,30.5,22.4,26.8,49,0,426820.5669
2013-10-4,29.2,22.8,26,58,0,597533.5307
2013-10-5,29.9,22,25.8,52,0,652159.604
2013-10-6,30.3,21.2,25.8,47,0,624443.4138
2013-10-7,30.7,23.3,26.9,50,0,710183.0567
2013-10-8,28.6,24.3,25.8,59,0,729620.262
2013-10-9,30,23.7,26,71,0.9,746727.4597
2013-10-10,31.3,23.6,26.8,78,0,767377.8752
2013-10-11,32.2,24.6,28,69,0,788055.9744
2013-10-12,32,25.1,28.3,69,0,769312.8885
2013-10-13,31,24.7,27.6,62,0,644294.5119
2013-10-14,28.4,24.2,26.5,66,0,742461.6234
2013-10-15,30.5,24.9,27.4,57,0,763836.7458
2013-10-16,27.1,22.6,24.8,58,0,729237.029
2013-10-17,26.7,21.3,23.9,62,0,719100.2567
2013-10-18,26.3,22,23.9,60,0,711253.5793
2013-10-19,27.5,20.7,23.9,59,0,679477.405
2013-10-20,28.1,20.4,24.2,58,0,570269.3141
2013-10-21,27.9,20.2,24.1,59,0,679316.0572
2013-10-22,28.3,20.9,24.6,56,0,711758.5842
2013-10-23,27.7,20,24,36,0,699955.5003
2013-10-24,27.7,19.6,23.6,31,0,694318.3065
2013-10-25,26.8,20.2,23.6,27,0,684225.1804
2013-10-26,25.2,17,21.2,31,0,645542.9956
2013-10-27,25.7,16.4,20.8,49,0,542766.6755
2013-10-28,27.2,17.2,21.7,61,0,650151.6655
2013-10-29,26.6,19.7,22.7,66,0,683862.1674
2013-10-30,29.2,21.5,24.5,62,0,691031.5663
2013-10-31,29.4,20.6,24.7,65,0,679991.6729
2013-11-1,30.4,20.9,25.3,62,0,675667.8463
2013-11-2,28.1,22.8,25.6,54,0,657505.2818
2013-11-3,27.9,23.7,25.5,61,0,540378.6155
2013-11-4,25.8,19.4,23.1,71,1.1,650602.4857
2013-11-5,23,19,20.9,88,11.4,677902.55
2013-11-6,27.5,20.6,23.2,78,0,688521.9817
2013-11-7,28.2,20.6,24.1,69,0,695742.0541
2013-11-8,28.5,21.9,24.5,73,0,703418.4793
2013-11-9,29.3,21.2,25.2,73,0,678671.0828
2013-11-10,27.2,24.9,26.1,76,0.3,579991.5165
2013-11-11,28.3,23.7,25.6,77,0,684679.727
2013-11-12,24.7,20.1,22.8,81,6.9,693653.1986
2013-11-13,20,16.6,18,89,6.5,670975.6707
2013-11-14,20.9,16.5,18.2,81,0.3,667457.0616
2013-11-15,23.3,16.4,19.4,66,0,664430.6501
2013-11-16,24,15,19.3,65,0,629548.9283
2013-11-17,23.6,16.8,20,48,0,518775.7271
2013-11-18,23.8,16.6,20.3,36,0,628344.2803
2013-11-19,21.9,17.3,19.5,40,0,662671.2123
2013-11-20,22.5,16.6,19.1,55,0,665390.8952
2013-11-21,23.8,16.9,19.9,55,0,666864.7179
2013-11-22,25.8,17.9,21,65,0.4,671210.3198
2013-11-23,26.6,18.5,21.9,70,0,646847.7297
2013-11-24,27.5,19.2,21.6,79,2.9,549720.4736
2013-11-25,21.4,14.7,17.8,45,0,633089.46
2013-11-26,22.7,13.7,17.9,46,0,661483.7673
2013-11-27,20.8,13.9,17.7,74,1.3,669639.7072
2013-11-28,19,11.2,14.7,64,6.7,664132.0663
2013-11-29,17.4,11,14.3,27,0,655312.9152
2013-11-30,19.2,10,14,36,0,604437.7656
2013-12-1,20.8,10.8,15.9,41,0,477821.8198
2013-12-2,22.1,11.9,16.6,38,0,609356.1372
2013-12-3,22.8,11.9,17,49,0,655197.4077
2013-12-4,23.1,12.6,17.6,49,0,659955.6785
2013-12-5,21.4,11.6,16.6,37,0,662232.8991
2013-12-6,21.3,11.7,16.6,47,0,663867.5435
2013-12-7,22.2,12.6,17.1,49,0,636535.89
2013-12-8,23.1,13.6,17.9,61,0,537242.8223
2013-12-9,25.7,17.1,21.1,56,0,631150.2444
2013-12-10,21,15.5,18.6,46,0,655695.5697
2013-12-11,19,15.6,17.5,47,0,659477.3686
2013-12-12,15.7,13.6,14.7,50,0.2,661389.1179
2013-12-13,18.4,13.3,15.6,76,1.8,662971.6094
2013-12-14,17.2,14.8,15.6,90,2.9,639774.4334
2013-12-15,15.2,13.6,14.3,97,57.4,535897.5759
2013-12-16,14,9.7,11,96,26.1,636117.2488
2013-12-17,10.5,8.9,9.6,95,38.4,675322.3127
2013-12-18,12.3,8.2,10,67,0,678774.8644
2013-12-19,14.4,7,10.2,55,0,679294.3742
2013-12-20,15.5,7.3,11.2,59,0,674460.8391
2013-12-21,15.8,10.5,12.7,51,0,650272.6303
2013-12-22,14.8,7.1,11,48,0,557405.4252
2013-12-23,17.3,7.8,12,50,0,645675.8409
2013-12-24,16.7,8.2,12.5,45,0,668124.3863
2013-12-25,16.9,8.8,12.7,46,0,664643.4632
2013-12-26,17.8,8.9,13.1,40,0,665549.2732
2013-12-27,14.9,9.8,12.3,29,0,666408.2838
2013-12-28,13.4,6.2,9.9,29,0,644720.6187
2013-12-29,14.4,6.4,10.2,28,0,584844.373
2013-12-30,17.2,7.4,11.7,40,0,611439.5503
2013-12-31,19,8.6,13.4,37,0,559129.6272
2014-1-1,20.7,9.3,14.3,40,0,344186.0154
2014-1-2,20.3,10.2,15,55,0,555453.597
2014-1-3,23.9,14.4,18.9,64,0,635995.1472
2014-1-4,20.8,14.7,17.9,47,0,629404.9819
2014-1-5,20.1,10.8,15.3,38,0,570426.077
2014-1-6,21.3,11.5,15.8,59,0,625969.015
2014-1-7,22.9,15.3,18.2,67,0,643622.3126
2014-1-8,19.7,14.6,17.5,83,0.7,647208.1392
2014-1-9,15.3,11.6,13.7,59,0,645318.3758
2014-1-10,17.4,11.6,13.9,60,0,643299.7745
2014-1-11,21.6,12.5,15.8,67,0,618657.676
2014-1-12,20,13.1,16,75,0,544999.211
2014-1-13,14.5,9.3,11.8,60,0,613270.0064
2014-1-14,14.9,8,11.3,57,0,627313.1273
2014-1-15,16.5,7.6,11.8,48,0,619577.655
2014-1-16,18.5,8.3,12.7,57,0,608125.9836
2014-1-17,20,9.5,14.2,62,0,593345.1834
2014-1-18,20.1,11.1,15.7,33,0,563306.0509
2014-1-19,17.8,8.8,13.8,35,0,502462.4143
2014-1-20,20.3,10,14.8,42,0,526399.7106
2014-1-21,18.1,10.2,14.4,21,0,513094.0057
2014-1-22,17.1,7.7,12.4,21,0,485846.9276
2014-1-23,18.2,7.3,12.4,42,0,451325.9146
2014-1-24,22.3,9.2,14.5,62,0,403005.708
2014-1-25,22.4,15.1,17.9,71,0,346175.5198
2014-1-26,25.4,16.8,19.7,69,0,300203.4316
2014-1-27,22,15.4,18.2,61,0,276752.178
2014-1-28,21.8,13.1,16.9,66,0,250244.1779
2014-1-29,25.2,13.6,18.2,64,0,218598.512
2014-1-30,25.1,14.1,18.8,63,0,186021.3917
2014-1-31,26.2,14.1,19.8,54,0,165619.0261
2014-2-1,25.5,15.9,20,68,0,167145.4342
2014-2-2,25.8,15.2,20,70,0,171143.3364
2014-2-3,26.7,16.1,21,65,0,188936.7674
2014-2-4,23.5,17.1,19.8,70,0,208548.7176
2014-2-5,22.4,15.9,18.6,72,0,239030.7109
2014-2-6,24.5,17.1,20.1,76,0,265678.828
2014-2-7,24.1,15.5,20.5,82,0.1,322389.5545
2014-2-8,15.1,11.2,12.1,87,0.5,360925.3154
2014-2-9,11.9,9.1,10.8,93,15.4,373992.1535
2014-2-10,9.2,6.4,7.4,69,2.9,454434.4932
2014-2-11,7.4,4.8,5.9,56,0,501330.0203
2014-2-12,6.2,3.9,5.5,78,1.5,530169.9983
2014-2-13,7.3,5.1,6.1,88,8.2,552116.473
2014-2-14,13.5,5.7,8.6,59,0,523363.3204
2014-2-15,9.6,6.6,7.9,66,0,541552.2787
2014-2-16,17,9.6,12.5,73,0,480726.0153
2014-2-17,22.9,13.4,17,78,0,553826.8646
2014-2-18,19.1,8.8,15.1,92,1.2,591539.7536
2014-2-19,9.7,6.5,8.2,77,11.7,612325.5636
2014-2-20,16.9,4,9.7,57,0,614359.3968
2014-2-21,17.2,8.7,12.6,56,0,618104.7808
2014-2-22,14.6,10.8,12.9,70,0.5,602829.1092
2014-2-23,21.9,11.7,15.3,74,1,513648.1378
2014-2-24,24,12.6,17.4,72,0,600098.636
2014-2-25,24.8,16.4,20.1,72,0,626517.1833
2014-2-26,25.7,18.4,21.2,78,0,629871.9592
2014-2-27,25.9,17.1,21,73,0,636600.969
2014-2-28,22.5,17.3,19.5,79,0.8,626026.064
2014-3-1,24.5,18.6,21.1,82,0,587901.2096
2014-3-2,21.9,16.3,18.5,81,0,497420.6629
2014-3-3,17.2,15.3,16.1,87,0.8,610762.8547
2014-3-4,18.4,15.6,16.4,85,0.7,647486.2283
2014-3-5,16.4,13.7,14.9,81,0.5,651810.8544
2014-3-6,18.7,14.2,16.3,80,0.6,656244.4774
2014-3-7,16.8,13.7,14.6,94,3.6,659004.2015
2014-3-8,15.9,14,14.5,92,1.8,632003.4198
2014-3-9,13.9,10.9,12.4,90,2.9,543415.7473
2014-3-10,13.2,10.7,11.9,89,2.7,640297.5154
2014-3-11,16.1,12.5,13.9,89,0,667001.6065
2014-3-12,21.6,15.4,18.1,93,3.4,672123.8058
2014-3-13,22,17.3,19.7,80,8.4,668914.5166
2014-3-14,20,14.9,16.3,50,0,668150.454
2014-3-15,16.3,13.5,14.7,55,0,644507.839
2014-3-16,20.5,14.7,16.8,70,0,526103.2452
2014-3-17,25,16.8,20.3,77,0,636508.3598
2014-3-18,27,19.1,22.3,81,0,677550.0156
2014-3-19,27.4,19.2,22.8,77,0,683527.3546
2014-3-20,27.7,19.3,22.4,76,0,688298.8981
2014-3-21,19.9,13.5,15.4,59,1.7,673872.5699
2014-3-22,20.3,13,15.6,60,0,644079.9043
2014-3-23,24.8,15.2,18.7,56,0,539900.8164
2014-3-24,26.4,14.9,20.1,57,0,642057.4054
2014-3-25,27.3,18.5,22.2,66,0,679177.6781
2014-3-26,28.1,18.5,22.8,74,0,687206.1868
2014-3-27,27.9,19.9,23.6,74,0,694413.2642
2014-3-28,27.6,21.7,24,80,0,699624.0149
2014-3-29,24.2,21,23.1,86,5.8,663147.8625
2014-3-30,22.1,20.2,20.9,95,163.6,539192.911
2014-3-31,21.2,18.8,20,95,95.4,605563.8788
2014-4-1,22.2,18.7,19.9,94,23.5,647752.7569
2014-4-2,22.8,17.9,19.6,91,38.5,663924.1101
2014-4-3,24.9,18.4,20.6,90,81.5,668938.7053
2014-4-4,25.4,19,21.6,77,0,643412.0711
2014-4-5,27.3,16.4,21.3,65,0,379349.4444
2014-4-6,22.2,17.5,19.8,74,23.3,425862.8052
2014-4-7,22.1,17.5,19.5,88,2.3,590703.1111
2014-4-8,22.5,19.3,20.7,90,3,667042.8199
2014-4-9,28.6,20.6,23.7,82,0,689998.518
2014-4-10,26.8,21.3,23.6,78,0,695499.8696
2014-4-11,28.6,20.1,23.6,75,0,665645.5444
2014-4-12,29.1,21.5,24.6,77,0,681836.9463
2014-4-13,32.4,22.5,26.5,74,0,607467.7786
2014-4-14,26.6,24,25.1,79,0,696017.2147
2014-4-15,28.5,21,23.3,67,0,698894.2298
2014-4-16,26.5,21.5,23.5,76,0,702417.9365
2014-4-17,29.7,21.8,25.1,74,0,719675.7767
2014-4-18,29.3,21.6,24.9,78,0,733475.4409
2014-4-19,29.9,21.5,25.4,76,0,710518.7265
2014-4-20,28.9,23.5,25.8,80,0,605964.367
2014-4-21,27.8,24.3,25.8,80,0,712440.0771
2014-4-22,27.4,23.1,24.8,85,0.1,740597.8103
2014-4-23,24.1,20.9,22.8,90,2.5,719008.9174
2014-4-24,25.4,21.7,23.3,85,0,718541.8474
2014-4-25,28.5,22.8,24.9,82,0,729628.6976
2014-4-26,27.3,21.1,23.8,87,19.6,702269.5521
2014-4-27,29.8,20.9,24.4,79,0,620968.9405
2014-4-28,29.2,21.7,24.8,64,0,698609.7862
2014-4-29,27.8,22.1,24.8,65,0,717770.2877
2014-4-30,24.3,19.4,20.8,92,9.6,646678.2039
2014-5-1,24.3,18.4,20.6,90,7.4,349926.4085
2014-5-2,28.6,21.4,24.5,78,0,449913.2736
2014-5-3,31,23.1,26.4,65,0,591552.5576
2014-5-4,25.8,23,23.8,79,3.3,635264.419
2014-5-5,23.4,18,20.4,91,29.1,676422.8031
2014-5-6,20.3,17.5,18.5,95,23.1,684425.4249
2014-5-7,20,18.3,19.2,97,24.2,686910.8824
2014-5-8,24.2,19.5,21.4,96,75.2,695741.3043
2014-5-9,22.3,20.9,21.3,97,53.8,693669.3289
2014-5-10,27.5,21.3,23.7,89,5.3,676157.299
2014-5-11,24.8,22.4,23.6,94,50.4,568433.4749
2014-5-12,28.6,22.5,24.5,93,0.1,669801.7646
2014-5-13,29.7,24.7,26.9,91,5.2,742818.2281
2014-5-14,31,27,28.5,84,0.1,777602.658
2014-5-15,31.8,26.7,28.4,87,3.9,799601.6388
2014-5-16,30.6,25,27.4,92,29.4,798014.6536
2014-5-17,30.9,22.8,26.9,88,30.1,752812.4442
2014-5-18,30.6,23,25.9,92,24.2,612291.7785
2014-5-19,31.9,23.7,26,90,28.3,738722.3057
2014-5-20,29.9,23.1,25.6,92,15.2,761681.1146
2014-5-21,30.8,23.7,26.1,89,0.7,767459.2752
2014-5-22,28.9,22.7,27.3,88,23.4,781700.9117
2014-5-23,25.9,23.1,24.4,97,54.6,749738.233
2014-5-24,31.6,24.3,27.2,86,0.1,744255.9629
2014-5-25,32.5,25.8,28.9,81,0.5,667951.9744
2014-5-26,33.4,25.6,29,81,19.5,807964.7392
2014-5-27,34.2,25.9,29.1,80,0,855818.8961
2014-5-28,33.5,26.4,29.4,76,0,871151.9718
2014-5-29,32.3,24.9,28.3,85,7.6,874055.1219
2014-5-30,32.7,27.1,29.3,80,0.1,867481.2779
2014-5-31,33.6,27.1,30,75,0,804459.1121
2014-6-1,33.9,26.9,30.1,76,0,635181.9005
2014-6-2,33.9,27,30.2,74,0,495257.5092
2014-6-3,32,23.6,27.7,86,5.1,760443.6028
2014-6-4,33.1,24.3,28.6,79,0,851220.5945
2014-6-5,32.6,25.7,29.1,83,10.4,876763.4607
2014-6-6,29.7,23.5,25.6,92,25,825766.7283
2014-6-7,29.8,25,26.6,89,1.4,790083.1318
2014-6-8,34.3,26.1,29.4,75,0,708410.4069
2014-6-9,32.1,25.5,28.7,79,4.9,826848.9516
2014-6-10,32.2,25.7,28,78,17,853190.8143
2014-6-11,29.4,25.4,26.9,88,3.7,835830.7162
2014-6-12,32.3,23.8,27.7,75,1.8,820413.2009
2014-6-13,33.8,25.2,29.5,56,0,835764.3004
2014-6-14,34.3,26.7,30.8,45,0,822803.391
2014-6-15,34,25.7,30.1,63,0,695065.7136
2014-6-16,35.1,28,30.5,77,0.3,858947.1708
2014-6-17,32.4,28,29.7,82,0.4,902832.1583
2014-6-18,32.8,25.4,28.7,86,60.6,893393.1106
2014-6-19,33.1,26.6,29.5,82,1.3,905091.7845
2014-6-20,30.9,26.7,29.1,83,4,895262.1002
2014-6-21,32.6,24.8,28.8,85,43.5,843098.8156
2014-6-22,29.1,25.9,27,90,4,697050.0739
2014-6-23,31.7,26.1,28.1,84,0,822113.3687
2014-6-24,29.8,25.3,27.1,89,16.3,837529.3275
2014-6-25,30.7,25.7,28.1,86,10.7,850550.8954
2014-6-26,33.5,27.7,30.1,78,0.3,878842.7012
2014-6-27,34.4,26.8,30.2,76,0.2,896359.1112
2014-6-28,34.3,27.6,30.6,74,0,869490.8854
2014-6-29,33.7,27.2,30.1,75,0,730492.1136
2014-6-30,32.6,27.4,29.7,76,0.3,823003.6426
2014-7-1,32,26.9,29.2,79,0,847619.1111
2014-7-2,33.2,26.6,29.6,77,0,884309.375
2014-7-3,33.9,27.2,30.4,74,0,911529.07
2014-7-4,34.5,27.5,30.7,71,0,921311.8706
2014-7-5,34.7,28.3,30.9,72,0,894824.5903
2014-7-6,36.1,28.3,31.1,70,0,763349.8101
2014-7-7,35.1,27.8,30.5,72,14.5,898417.3701
2014-7-8,35.7,26.9,29.5,82,4.3,924624.747
2014-7-9,36,26.1,30.1,73,0,920049.1695
2014-7-10,34.5,27.7,30,80,5.6,936279.5747
2014-7-11,31.9,26.5,28.5,86,8.3,909517.5204
2014-7-12,32.7,26.8,28.8,83,0,860687.2553
2014-7-13,33.3,26.7,29.6,79,14.3,723333.1812
2014-7-14,33.3,27.6,30.3,69,0,882856.8742
2014-7-15,33.7,27.3,30.1,67,0,922790.2395
2014-7-16,34.6,27.2,30.3,61,0,919351.1483
2014-7-17,34.1,27.4,30.6,64,0,924817.2842
2014-7-18,31.8,25.6,28.1,78,11.2,884975.2937
2014-7-19,32.9,25.8,28.7,76,0.1,834796.3746
2014-7-20,33.5,26.2,28.9,81,14,719909.4541
2014-7-21,32.2,26.2,28.9,81,5.6,853082.6571
2014-7-22,36,26.7,30.6,72,0,916926.6352
2014-7-23,36.3,28.2,32.1,69,0,953490.4692
2014-7-24,34.4,26.5,31.6,58,0.1,951801.9153
2014-7-25,25.7,24.7,25.2,84,7,893220.8555
2014-7-26,32.7,26,28.2,85,13.9,846768.2934
2014-7-27,32.2,26.2,27.9,84,16.6,716111.279
2014-7-28,34.6,25.8,29.4,74,0,855160.6361
2014-7-29,35.3,26.7,30.3,71,0,907564.9024
2014-7-30,35.6,27.4,30.9,67,0,920737.3283
2014-7-31,36.1,27.3,31.4,69,0,924239.3544
2014-8-1,36.7,26.1,31.8,68,0.2,909118.2828
2014-8-2,34.6,25.4,29.1,75,2,851220.068
2014-8-3,34.7,24.1,28.7,79,74.7,726841.699
2014-8-4,32.9,26.3,29.5,80,26.1,875023.617
2014-8-5,34.4,27,30.3,74,0,918591.6825
2014-8-6,33.6,27.5,29.8,78,0,913713.9804
2014-8-7,32.4,26.5,28.9,84,5.2,902319.6817
2014-8-8,33.9,26.2,29.9,76,0,908868.343
2014-8-9,33.9,27.2,30.1,75,0,878807.1649
2014-8-10,33.5,27.8,30.1,76,0,744800.3941
2014-8-11,33.7,27.8,29.7,78,0,889607.3479
2014-8-12,33.6,25.7,28.9,84,17.8,911326.3688
2014-8-13,29.6,24.7,26.4,93,6.1,846631.2291
2014-8-14,31.9,26,27.9,87,0.4,848255.7848
2014-8-15,33.9,26.5,29.2,79,0,867721.8286
2014-8-16,32.6,25.6,28.6,77,15.1,836683.3392
2014-8-17,33.4,24.1,28.5,80,26.6,721704.4184
2014-8-18,34,26.6,29.8,74,0,878730.6036
2014-8-19,32.5,25.2,28.5,83,19.9,895136.9517
2014-8-20,26.6,23.9,24.8,95,54.5,807201.1271
2014-8-21,31.9,24,26.9,83,0,825368.3394
2014-8-22,31,25.1,27.5,84,10,841393.7018
2014-8-23,32.9,25.3,28.6,78,0,821693.6096
2014-8-24,33.5,25.7,29.5,68,0,706733.876
2014-8-25,34.7,25.7,29.7,70,0,856920.9962
2014-8-26,34.3,26.3,30,70,0,901535.838
2014-8-27,33.2,26.5,30.1,65,0,907119.7709
2014-8-28,33.2,27.5,30.1,66,0,908981.8658
2014-8-29,34,26.7,29.9,70,0,909384.2929
2014-8-30,34.4,26.4,30.2,68,0,865011.8383
2014-8-31,32.5,25,28.4,76,14.6,705221.355
2014-9-1,33,25.7,27.4,85,23.1,817562.8345
2014-9-2,33.9,25.5,29.1,77,0,879463.4831
2014-9-3,34.8,27,30.2,71,0,909541.3053
2014-9-4,35.1,26.7,30.3,66,0.9,916520.7598
2014-9-5,32.6,25,28,78,2.4,884093.7807
2014-9-6,33.7,24.8,28.7,73,0,821635.1449
2014-9-7,33.6,27.1,29.5,72,0.2,663384.4964
2014-9-8,30.5,25.6,27.8,84,38,472087.3383
2014-9-9,32.2,26,28.4,82,3,750013.2729
2014-9-10,34.2,26.7,29.5,74,0,871885.7324
2014-9-11,34.2,25.9,29.1,77,5.7,892702.8425
2014-9-12,31.5,26.3,27.9,80,7,872610.5153
2014-9-13,31.2,25.8,27.5,85,19.1,840504.642
2014-9-14,34.3,26,29,79,0,740681.6772
2014-9-15,33.6,26.6,29.4,73,9.8,859624.82
2014-9-16,28,25.4,26.5,85,22.1,833156.748
2014-9-17,30.6,25.3,27.5,84,5.8,840064.9615
2014-9-18,33.7,25.5,29,76,0,866717.3144
2014-9-19,34.8,26.6,30.2,71,0,899550.1312
2014-9-20,31.7,26.5,28.5,66,0,841246.851
2014-9-21,27.7,24.5,26.2,63,0,665638.8669
2014-9-22,30.6,23.5,27.1,62,0,786500.7973
2014-9-23,31.6,23.5,27.3,65,1.3,819734.3825
2014-9-24,31.4,24.4,27.7,72,0,839682.8293
2014-9-25,33.5,25.3,28.7,70,0,860253.1402
2014-9-26,33.1,25.4,28.8,70,0,870772.9536
2014-9-27,34,26.9,29.1,70,0,861554.0817
2014-9-28,34,25.5,29.2,69,0,807148.3389
2014-9-29,34.1,26.1,29.6,70,0,859627.5846
2014-9-30,35.2,26.9,30.3,71,0,808354.9765
2014-10-1,32.7,23.9,28.2,74,44.3,460678.4623
2014-10-2,32.8,25.3,29,71,0.2,438298.4268
2014-10-3,33.1,24.4,28.4,72,30.6,502456.726
2014-10-4,31.7,24.3,27.4,73,0.2,629947.7592
2014-10-5,30.4,23.5,27,61,0,663653.9265
2014-10-6,29.6,22.6,26.5,43,0,739413.9856
2014-10-7,28.8,22,25.7,48,0,754197.9332
2014-10-8,28.4,21.3,24.9,56,0,756585.7452
2014-10-9,29.5,23.1,26,50,0,769536.1975
2014-10-10,29.1,22.5,25.7,54,0,766675.0449
2014-10-11,31.2,23.2,26.9,54,0,761115.3203
2014-10-12,30.6,23.3,26.9,51,0,652529.9751
2014-10-13,28.5,22.4,25.5,44,0,732831.149
2014-10-14,27.9,21.4,24.3,49,0,743211.2641
2014-10-15,28.2,19.6,23.9,53,0,738575.5404
2014-10-16,29.3,21.2,24.6,64,0,743432.8158
2014-10-17,28.7,19.8,24.4,59,0,742090.6217
2014-10-18,29.2,20.4,24.6,63,0,718943.0765
2014-10-19,29.9,22.1,25.6,68,0,606599.4466
2014-10-20,30.4,21.9,25.7,72,0,740966.157
2014-10-21,32,24.2,27.2,72,0,799221.4475
2014-10-22,29.7,24.5,26.5,61,0,788573.0279
2014-10-23,26.4,23.4,24.5,58,0,756222.5669
2014-10-24,26.6,22.4,24.2,71,0,752063.578
2014-10-25,28.3,21.3,24.3,76,0,721655.6052
2014-10-26,28.8,22.6,25.2,74,0.1,614479.1206
2014-10-27,31.8,22.9,26.6,66,0,739057.1787
2014-10-28,29.9,21.9,25.8,60,0,758560.4559
2014-10-29,30.3,23.8,26.1,64,0,768785.4768
2014-10-30,29.6,23.2,26,67,0,770064.6706
2014-10-31,30.5,22.2,25.8,74,0,752862.5772
2014-11-1,31.3,22.9,26.2,78,0,697148.659
2014-11-2,25.9,22.7,24.3,77,1.2,550662.0647
2014-11-3,22.6,19.5,20.4,56,0,651101.9441
2014-11-4,24.4,19.9,21.6,58,0,696254.5293
2014-11-5,25.4,21.4,23.3,72,0,714213.3611
2014-11-6,23.9,21.2,22.4,84,0.1,719206.9467
2014-11-7,22.3,17.7,19.8,85,1,705693.5588
2014-11-8,20.2,16.9,18.2,94,9.9,669008.511
2014-11-9,22.5,18.5,19.8,77,0,554945.7058
2014-11-10,23.4,18.6,20.5,82,0,665954.3068
2014-11-11,22.8,19.5,20.7,87,1.7,700296.3823
2014-11-12,20.7,17.8,19.5,87,0.6,698845.2111
2014-11-13,19.6,17.4,18.5,73,0,695074.6737
2014-11-14,21.7,17.2,18.8,71,0,691577.2196
2014-11-15,25.6,18.2,21.1,67,0,657235.8582
2014-11-16,26.5,17.7,21.8,69,0,529910.8073
2014-11-17,23.5,17,20.1,62,0,649529.668
2014-11-18,22.7,15.1,18.6,64,0,688717.6506
2014-11-19,23.2,16.7,19.4,60,0,690811.9154
2014-11-20,24.8,15.9,19.9,64,0,693069.9648
2014-11-21,26.1,17.1,21.1,72,0,694591.4892
2014-11-22,27.8,18,22.3,74,0,672841.5033
2014-11-23,28.5,19.2,23.1,75,0,562946.7906
2014-11-24,28.5,19.4,23.4,75,0,679753.0881
2014-11-25,27.7,19.5,23.4,79,0,713183.9902
2014-11-26,26.8,19,22.5,76,0,709068.7505
2014-11-27,27.7,19.7,23,76,0,708107.25
2014-11-28,26.9,21.6,23.6,80,0,711520.0761
2014-11-29,28.2,22.6,24.8,81,0,677386.1117
2014-11-30,28.3,23,25.2,82,0,534048.5186
2014-12-1,25.6,16.5,19.9,70,0.3,619117.0202
2014-12-2,16.5,12.4,13.9,82,3.6,671865.6256
2014-12-3,17.9,12.8,15.1,92,6,679606.8422
2014-12-4,16.7,10,13.4,79,8.4,688031.0267
2014-12-5,18,11.6,14,48,0,687039.9632
2014-12-6,19.2,12.4,15.2,55,0,656269.4684
2014-12-7,16.8,13.4,14.7,76,0.7,551321.8237
2014-12-8,19.6,11.9,14.9,81,3.2,651209.4297
2014-12-9,22.7,15.4,18.2,64,0,682177.3117
2014-12-10,23.1,16.2,19.4,66,0,686464.0814
2014-12-11,20.1,15.3,17.1,60,0,685497.2376
2014-12-12,16.6,11,13.1,52,0,687159.7212
2014-12-13,16.6,8.2,12.3,38,0,658098.0672
2014-12-14,18.9,9.5,13.7,45,0,535694.5293
2014-12-15,19,13.1,15.5,60,0,646812.8517
2014-12-16,17.5,13.9,15.8,44,0,673407.9036
2014-12-17,15.5,8.8,12.2,24,0,681047.3674
2014-12-18,14.5,7.9,11.2,35,0,687913.3368
2014-12-19,13.1,9.5,11,79,4.7,691404.6768
2014-12-20,18.1,7.5,12,67,0.1,648430.4604
2014-12-21,19.2,11,14.5,55,0,546080.6142
2014-12-22,16.2,7.8,12.2,33,0,646219.1694
2014-12-23,13.4,9.3,11.4,63,0.8,688842.4619
2014-12-24,20.3,10.4,14.3,79,0,681196.0491
2014-12-25,18.7,15.7,17,81,0.6,683725.5935
2014-12-26,18.1,14.3,15.9,86,4.3,679045.4068
2014-12-27,16,13.2,14.3,96,11,663636.1668
2014-12-28,14.5,11,12.6,87,4.8,583535.3397
2014-12-29,18,7.4,11.8,64,0,643876.1376
2014-12-30,19.6,7.6,13.3,59,0,636221.1203
2014-12-31,21.3,9,14.6,62,0,564521.3329
2015-1-1,20.1,11,15.6,44,0,328177.1663
2015-1-2,19.6,9.3,14.1,42,0,463446.3443
2015-1-3,20.8,10.1,14.5,67,0,569665.4856
2015-1-4,22.8,11.6,16.3,70,0,579139.4827
2015-1-5,23.9,16.8,19.7,77,0,644241.5321
2015-1-6,25.3,18.8,21.3,79,0,670296.5377
2015-1-7,22.1,14.6,16.3,74,0,679498.9568
2015-1-8,17.9,10.2,13.9,54,0,674612.4615
2015-1-9,17.4,11.1,14,53,0,680261.9127
2015-1-10,19.9,12,15.4,54,0,656996.309
